Picked up JAVA_TOOL_OPTIONS: -Dstdout.encoding=UTF-8 -Dstderr.encoding=UTF-8
Apache Maven 3.9.12 (848fbb4bf2d427b72bdb2471c22fced7ebd9a7a1)
Maven home: C:\Users\AndyKwasiDebrah\AppData\Roaming\Code\User\globalStorage\pleiades.java-extension-pack-jdk\maven\latest
Java version: 25.0.2, vendor: Oracle Corporation, runtime: C:\Users\AndyKwasiDebrah\.jdks\openjdk-25.0.2
Default locale: en_US, platform encoding: UTF-8
OS name: "windows 11", version: "10.0", arch: "amd64", family: "windows"
[DEBUG] Created new class realm maven.api
[DEBUG] Importing foreign packages into class realm maven.api
[DEBUG]   Imported: javax.annotation.* < plexus.core
[DEBUG]   Imported: javax.annotation.security.* < plexus.core
[DEBUG]   Imported: javax.inject.* < plexus.core
[DEBUG]   Imported: org.apache.maven.* < plexus.core
[DEBUG]   Imported: org.apache.maven.artifact < plexus.core
[DEBUG]   Imported: org.apache.maven.classrealm < plexus.core
[DEBUG]   Imported: org.apache.maven.cli < plexus.core
[DEBUG]   Imported: org.apache.maven.configuration < plexus.core
[DEBUG]   Imported: org.apache.maven.exception < plexus.core
[DEBUG]   Imported: org.apache.maven.execution < plexus.core
[DEBUG]   Imported: org.apache.maven.execution.scope < plexus.core
[DEBUG]   Imported: org.apache.maven.graph < plexus.core
[DEBUG]   Imported: org.apache.maven.lifecycle < plexus.core
[DEBUG]   Imported: org.apache.maven.model < plexus.core
[DEBUG]   Imported: org.apache.maven.monitor < plexus.core
[DEBUG]   Imported: org.apache.maven.plugin < plexus.core
[DEBUG]   Imported: org.apache.maven.profiles < plexus.core
[DEBUG]   Imported: org.apache.maven.project < plexus.core
[DEBUG]   Imported: org.apache.maven.reporting < plexus.core
[DEBUG]   Imported: org.apache.maven.repository < plexus.core
[DEBUG]   Imported: org.apache.maven.rtinfo < plexus.core
[DEBUG]   Imported: org.apache.maven.settings < plexus.core
[DEBUG]   Imported: org.apache.maven.toolchain < plexus.core
[DEBUG]   Imported: org.apache.maven.usability < plexus.core
[DEBUG]   Imported: org.apache.maven.wagon.* < plexus.core
[DEBUG]   Imported: org.apache.maven.wagon.authentication < plexus.core
[DEBUG]   Imported: org.apache.maven.wagon.authorization < plexus.core
[DEBUG]   Imported: org.apache.maven.wagon.events < plexus.core
[DEBUG]   Imported: org.apache.maven.wagon.observers < plexus.core
[DEBUG]   Imported: org.apache.maven.wagon.proxy < plexus.core
[DEBUG]   Imported: org.apache.maven.wagon.repository < plexus.core
[DEBUG]   Imported: org.apache.maven.wagon.resource < plexus.core
[DEBUG]   Imported: org.codehaus.classworlds < plexus.core
[DEBUG]   Imported: org.codehaus.plexus.* < plexus.core
[DEBUG]   Imported: org.codehaus.plexus.classworlds < plexus.core
[DEBUG]   Imported: org.codehaus.plexus.component < plexus.core
[DEBUG]   Imported: org.codehaus.plexus.configuration < plexus.core
[DEBUG]   Imported: org.codehaus.plexus.container < plexus.core
[DEBUG]   Imported: org.codehaus.plexus.context < plexus.core
[DEBUG]   Imported: org.codehaus.plexus.lifecycle < plexus.core
[DEBUG]   Imported: org.codehaus.plexus.logging < plexus.core
[DEBUG]   Imported: org.codehaus.plexus.personality < plexus.core
[DEBUG]   Imported: org.codehaus.plexus.util.xml.Xpp3Dom < plexus.core
[DEBUG]   Imported: org.codehaus.plexus.util.xml.pull.XmlPullParser < plexus.core
[DEBUG]   Imported: org.codehaus.plexus.util.xml.pull.XmlPullParserException < plexus.core
[DEBUG]   Imported: org.codehaus.plexus.util.xml.pull.XmlSerializer < plexus.core
[DEBUG]   Imported: org.eclipse.aether.* < plexus.core
[DEBUG]   Imported: org.eclipse.aether.artifact < plexus.core
[DEBUG]   Imported: org.eclipse.aether.collection < plexus.core
[DEBUG]   Imported: org.eclipse.aether.deployment < plexus.core
[DEBUG]   Imported: org.eclipse.aether.graph < plexus.core
[DEBUG]   Imported: org.eclipse.aether.impl < plexus.core
[DEBUG]   Imported: org.eclipse.aether.installation < plexus.core
[DEBUG]   Imported: org.eclipse.aether.internal.impl < plexus.core
[DEBUG]   Imported: org.eclipse.aether.metadata < plexus.core
[DEBUG]   Imported: org.eclipse.aether.repository < plexus.core
[DEBUG]   Imported: org.eclipse.aether.resolution < plexus.core
[DEBUG]   Imported: org.eclipse.aether.spi < plexus.core
[DEBUG]   Imported: org.eclipse.aether.transfer < plexus.core
[DEBUG]   Imported: org.eclipse.aether.util < plexus.core
[DEBUG]   Imported: org.eclipse.aether.version < plexus.core
[DEBUG]   Imported: org.fusesource.jansi.* < plexus.core
[DEBUG]   Imported: org.slf4j.* < plexus.core
[DEBUG]   Imported: org.slf4j.event.* < plexus.core
[DEBUG]   Imported: org.slf4j.helpers.* < plexus.core
[DEBUG]   Imported: org.slf4j.spi.* < plexus.core
[DEBUG] Populating class realm maven.api
[DEBUG] Created adapter factory; available factories [file-lock, rwlock-local, semaphore-local, noop]; available name mappers [discriminating, file-gaecv, file-gav, file-hgaecv, file-hgav, file-static, gaecv, gav, static]
[INFO] Error stacktraces are turned on.
[DEBUG] Message scheme: color
[DEBUG] Message styles: debug info warning error success failure strong mojo project
[DEBUG] Reading global settings from C:\Users\AndyKwasiDebrah\AppData\Roaming\Code\User\globalStorage\pleiades.java-extension-pack-jdk\maven\latest\conf\settings.xml
[DEBUG] Reading user settings from C:\Users\AndyKwasiDebrah\.m2\settings.xml
[DEBUG] Reading global toolchains from C:\Users\AndyKwasiDebrah\AppData\Roaming\Code\User\globalStorage\pleiades.java-extension-pack-jdk\maven\latest\conf\toolchains.xml
[DEBUG] Reading user toolchains from C:\Users\AndyKwasiDebrah\.m2\toolchains.xml
[DEBUG] Using local repository at C:\Users\AndyKwasiDebrah\.m2\repository
[DEBUG] Using manager EnhancedLocalRepositoryManager with priority 10.0 for C:\Users\AndyKwasiDebrah\.m2\repository
[INFO] Scanning for projects...
[DEBUG] Creating adapter using nameMapper 'gaecv' and factory 'rwlock-local'
[DEBUG] Extension realms for project com.smartblog:SmartBloggingPlatform:jar:1.0-SNAPSHOT: (none)
[DEBUG] Looking up lifecycle mappings for packaging jar from ClassRealm[plexus.core, parent: null]
[DEBUG] Extension realms for project org.springframework.boot:spring-boot-starter-parent:pom:3.2.2: (none)
[DEBUG] Looking up lifecycle mappings for packaging pom from ClassRealm[plexus.core, parent: null]
[DEBUG] Extension realms for project org.springframework.boot:spring-boot-dependencies:pom:3.2.2: (none)
[DEBUG] Looking up lifecycle mappings for packaging pom from ClassRealm[plexus.core, parent: null]
[DEBUG] === REACTOR BUILD PLAN ================================================
[DEBUG] Project: com.smartblog:SmartBloggingPlatform:jar:1.0-SNAPSHOT
[DEBUG] Tasks:   [test]
[DEBUG] Style:   Regular
[DEBUG] =======================================================================
[INFO] 
[INFO] ----------------< com.smartblog:SmartBloggingPlatform >-----------------
[INFO] Building SmartBloggingPlatform 1.0-SNAPSHOT
[INFO]   from pom.xml
[INFO] --------------------------------[ jar ]---------------------------------
[DEBUG] Lifecycle clean -> [pre-clean, clean, post-clean]
[DEBUG] Lifecycle default -> [validate, initialize, generate-sources, process-sources, generate-resources, process-resources, compile, process-classes, generate-test-sources, process-test-sources, generate-test-resources, process-test-resources, test-compile, process-test-classes, test, prepare-package, package, pre-integration-test, integration-test, post-integration-test, verify, install, deploy]
[DEBUG] Lifecycle site -> [pre-site, site, post-site, site-deploy]
[DEBUG] Lifecycle clean -> [pre-clean, clean, post-clean]
[DEBUG] Lifecycle default -> [validate, initialize, generate-sources, process-sources, generate-resources, process-resources, compile, process-classes, generate-test-sources, process-test-sources, generate-test-resources, process-test-resources, test-compile, process-test-classes, test, prepare-package, package, pre-integration-test, integration-test, post-integration-test, verify, install, deploy]
[DEBUG] Lifecycle site -> [pre-site, site, post-site, site-deploy]
[DEBUG] Lifecycle clean -> [pre-clean, clean, post-clean]
[DEBUG] Lifecycle default -> [validate, initialize, generate-sources, process-sources, generate-resources, process-resources, compile, process-classes, generate-test-sources, process-test-sources, generate-test-resources, process-test-resources, test-compile, process-test-classes, test, prepare-package, package, pre-integration-test, integration-test, post-integration-test, verify, install, deploy]
[DEBUG] Lifecycle site -> [pre-site, site, post-site, site-deploy]
[DEBUG] Lifecycle clean -> [pre-clean, clean, post-clean]
[DEBUG] Lifecycle default -> [validate, initialize, generate-sources, process-sources, generate-resources, process-resources, compile, process-classes, generate-test-sources, process-test-sources, generate-test-resources, process-test-resources, test-compile, process-test-classes, test, prepare-package, package, pre-integration-test, integration-test, post-integration-test, verify, install, deploy]
[DEBUG] Lifecycle site -> [pre-site, site, post-site, site-deploy]
[DEBUG] Lifecycle clean -> [pre-clean, clean, post-clean]
[DEBUG] Lifecycle default -> [validate, initialize, generate-sources, process-sources, generate-resources, process-resources, compile, process-classes, generate-test-sources, process-test-sources, generate-test-resources, process-test-resources, test-compile, process-test-classes, test, prepare-package, package, pre-integration-test, integration-test, post-integration-test, verify, install, deploy]
[DEBUG] Lifecycle site -> [pre-site, site, post-site, site-deploy]
[DEBUG] Lifecycle clean -> [pre-clean, clean, post-clean]
[DEBUG] Lifecycle default -> [validate, initialize, generate-sources, process-sources, generate-resources, process-resources, compile, process-classes, generate-test-sources, process-test-sources, generate-test-resources, process-test-resources, test-compile, process-test-classes, test, prepare-package, package, pre-integration-test, integration-test, post-integration-test, verify, install, deploy]
[DEBUG] Lifecycle site -> [pre-site, site, post-site, site-deploy]
[DEBUG] === PROJECT BUILD PLAN ================================================
[DEBUG] Project:       com.smartblog:SmartBloggingPlatform:1.0-SNAPSHOT
[DEBUG] Dependencies (collect): []
[DEBUG] Dependencies (resolve): [compile, test]
[DEBUG] Repositories (dependencies): [central (https://repo.maven.apache.org/maven2, default, releases)]
[DEBUG] Repositories (plugins)     : [central (https://repo.maven.apache.org/maven2, default, releases)]
[DEBUG] -----------------------------------------------------------------------
[DEBUG] Goal:          org.apache.maven.plugins:maven-resources-plugin:3.3.1:resources (default-resources)
[DEBUG] Style:         Regular
[DEBUG] Configuration: <?xml version="1.0" encoding="UTF-8"?>
<configuration>
  <addDefaultExcludes default-value="true"/>
  <buildFilters default-value="${project.build.filters}"/>
  <delimiters>
    <delimiter>@</delimiter>
  </delimiters>
  <encoding default-value="${project.build.sourceEncoding}"/>
  <escapeWindowsPaths default-value="true"/>
  <fileNameFiltering default-value="false"/>
  <includeEmptyDirs default-value="false"/>
  <outputDirectory default-value="${project.build.outputDirectory}"/>
  <overwrite default-value="false"/>
  <project default-value="${project}"/>
  <propertiesEncoding>UTF-8</propertiesEncoding>
  <resources default-value="${project.resources}"/>
  <session default-value="${session}"/>
  <skip default-value="false">${maven.resources.skip}</skip>
  <supportMultiLineFiltering default-value="false"/>
  <useBuildFilters default-value="true"/>
  <useDefaultDelimiters default-value="true">false</useDefaultDelimiters>
</configuration>
[DEBUG] -----------------------------------------------------------------------
[DEBUG] Goal:          org.apache.maven.plugins:maven-compiler-plugin:3.13.0:compile (default-compile)
[DEBUG] Style:         Regular
[DEBUG] Configuration: <?xml version="1.0" encoding="UTF-8"?>
<configuration>
  <annotationProcessorPaths>
    <path>
      <groupId>org.projectlombok</groupId>
      <artifactId>lombok</artifactId>
      <version>1.18.38</version>
    </path>
  </annotationProcessorPaths>
  <annotationProcessorPathsUseDepMgmt default-value="false"/>
  <basedir default-value="${basedir}"/>
  <buildDirectory default-value="${project.build.directory}"/>
  <compilePath default-value="${project.compileClasspathElements}"/>
  <compileSourceRoots default-value="${project.compileSourceRoots}"/>
  <compilerArgs>
    <arg>-parameters</arg>
    <arg>-J--add-opens=jdk.compiler/com.sun.tools.javac.code=ALL-UNNAMED</arg>
    <arg>-J--add-opens=jdk.compiler/com.sun.tools.javac.comp=ALL-UNNAMED</arg>
    <arg>-J--add-opens=jdk.compiler/com.sun.tools.javac.file=ALL-UNNAMED</arg>
    <arg>-J--add-opens=jdk.compiler/com.sun.tools.javac.main=ALL-UNNAMED</arg>
    <arg>-J--add-opens=jdk.compiler/com.sun.tools.javac.model=ALL-UNNAMED</arg>
    <arg>-J--add-opens=jdk.compiler/com.sun.tools.javac.parser=ALL-UNNAMED</arg>
    <arg>-J--add-opens=jdk.compiler/com.sun.tools.javac.processing=ALL-UNNAMED</arg>
    <arg>-J--add-opens=jdk.compiler/com.sun.tools.javac.tree=ALL-UNNAMED</arg>
    <arg>-J--add-opens=jdk.compiler/com.sun.tools.javac.util=ALL-UNNAMED</arg>
    <arg>-J--add-opens=jdk.compiler/com.sun.tools.javac.jvm=ALL-UNNAMED</arg>
  </compilerArgs>
  <compilerId default-value="javac">${maven.compiler.compilerId}</compilerId>
  <compilerReuseStrategy default-value="${reuseCreated}">${maven.compiler.compilerReuseStrategy}</compilerReuseStrategy>
  <compilerVersion>${maven.compiler.compilerVersion}</compilerVersion>
  <createMissingPackageInfoClass default-value="true">${maven.compiler.createMissingPackageInfoClass}</createMissingPackageInfoClass>
  <debug default-value="true">${maven.compiler.debug}</debug>
  <debugFileName default-value="javac"/>
  <debuglevel>${maven.compiler.debuglevel}</debuglevel>
  <enablePreview default-value="false">${maven.compiler.enablePreview}</enablePreview>
  <encoding default-value="${project.build.sourceEncoding}">${encoding}</encoding>
  <excludes>
    <exclude>**/ui/**/*.java</exclude>
    <exclude>**/ui/view/**/*.java</exclude>
    <exclude>**/ui/navigation/**/*.java</exclude>
    <exclude>**/ui/components/**/*.java</exclude>
    <exclude>**/ui/themes/**/*.java</exclude>
    <exclude>**/bootstrap/**/*.java</exclude>
    <exclude>**/infrastructure/migration/**/*.java</exclude>
    <exclude>**/infrastructure/nosql/**/*.java</exclude>
  </excludes>
  <executable>${maven.compiler.executable}</executable>
  <failOnError default-value="true">${maven.compiler.failOnError}</failOnError>
  <failOnWarning default-value="false">${maven.compiler.failOnWarning}</failOnWarning>
  <fileExtensions default-value="class,jar"/>
  <forceJavacCompilerUse default-value="false">${maven.compiler.forceJavacCompilerUse}</forceJavacCompilerUse>
  <forceLegacyJavacApi default-value="false">${maven.compiler.forceLegacyJavacApi}</forceLegacyJavacApi>
  <fork default-value="false">true</fork>
  <generatedSourcesDirectory default-value="${project.build.directory}/generated-sources/annotations"/>
  <implicit>${maven.compiler.implicit}</implicit>
  <maxmem>1024m</maxmem>
  <meminitial>128m</meminitial>
  <mojoExecution default-value="${mojoExecution}"/>
  <optimize default-value="false">${maven.compiler.optimize}</optimize>
  <outputDirectory default-value="${project.build.outputDirectory}">${maven.compiler.outputDirectory}</outputDirectory>
  <outputTimestamp default-value="${project.build.outputTimestamp}"/>
  <parameters default-value="false">true</parameters>
  <proc>${maven.compiler.proc}</proc>
  <project default-value="${project}"/>
  <projectArtifact default-value="${project.artifact}"/>
  <release>${maven.compiler.release}</release>
  <session default-value="${session}"/>
  <showCompilationChanges default-value="false">${maven.compiler.showCompilationChanges}</showCompilationChanges>
  <showDeprecation default-value="false">${maven.compiler.showDeprecation}</showDeprecation>
  <showWarnings default-value="true">${maven.compiler.showWarnings}</showWarnings>
  <skipMain>${maven.main.skip}</skipMain>
  <skipMultiThreadWarning default-value="false">${maven.compiler.skipMultiThreadWarning}</skipMultiThreadWarning>
  <source default-value="1.8">21</source>
  <staleMillis default-value="0">${lastModGranularityMs}</staleMillis>
  <target default-value="1.8">21</target>
  <useIncrementalCompilation default-value="true">${maven.compiler.useIncrementalCompilation}</useIncrementalCompilation>
  <verbose default-value="false">${maven.compiler.verbose}</verbose>
</configuration>
[DEBUG] -----------------------------------------------------------------------
[DEBUG] Goal:          org.apache.maven.plugins:maven-resources-plugin:3.3.1:testResources (default-testResources)
[DEBUG] Style:         Regular
[DEBUG] Configuration: <?xml version="1.0" encoding="UTF-8"?>
<configuration>
  <addDefaultExcludes default-value="true"/>
  <buildFilters default-value="${project.build.filters}"/>
  <delimiters>
    <delimiter>@</delimiter>
  </delimiters>
  <encoding default-value="${project.build.sourceEncoding}"/>
  <escapeWindowsPaths default-value="true"/>
  <fileNameFiltering default-value="false"/>
  <includeEmptyDirs default-value="false"/>
  <outputDirectory default-value="${project.build.testOutputDirectory}"/>
  <overwrite default-value="false"/>
  <project default-value="${project}"/>
  <propertiesEncoding>UTF-8</propertiesEncoding>
  <resources default-value="${project.testResources}"/>
  <session default-value="${session}"/>
  <skip default-value="false">${maven.test.skip}</skip>
  <supportMultiLineFiltering default-value="false"/>
  <useBuildFilters default-value="true"/>
  <useDefaultDelimiters default-value="true">false</useDefaultDelimiters>
</configuration>
[DEBUG] -----------------------------------------------------------------------
[DEBUG] Goal:          org.apache.maven.plugins:maven-compiler-plugin:3.13.0:testCompile (default-testCompile)
[DEBUG] Style:         Regular
[DEBUG] Configuration: <?xml version="1.0" encoding="UTF-8"?>
<configuration>
  <annotationProcessorPaths>
    <path>
      <groupId>org.projectlombok</groupId>
      <artifactId>lombok</artifactId>
      <version>1.18.38</version>
    </path>
  </annotationProcessorPaths>
  <annotationProcessorPathsUseDepMgmt default-value="false"/>
  <basedir default-value="${basedir}"/>
  <buildDirectory default-value="${project.build.directory}"/>
  <compileSourceRoots default-value="${project.testCompileSourceRoots}"/>
  <compilerArgs>
    <arg>-parameters</arg>
    <arg>-J--add-opens=jdk.compiler/com.sun.tools.javac.code=ALL-UNNAMED</arg>
    <arg>-J--add-opens=jdk.compiler/com.sun.tools.javac.comp=ALL-UNNAMED</arg>
    <arg>-J--add-opens=jdk.compiler/com.sun.tools.javac.file=ALL-UNNAMED</arg>
    <arg>-J--add-opens=jdk.compiler/com.sun.tools.javac.main=ALL-UNNAMED</arg>
    <arg>-J--add-opens=jdk.compiler/com.sun.tools.javac.model=ALL-UNNAMED</arg>
    <arg>-J--add-opens=jdk.compiler/com.sun.tools.javac.parser=ALL-UNNAMED</arg>
    <arg>-J--add-opens=jdk.compiler/com.sun.tools.javac.processing=ALL-UNNAMED</arg>
    <arg>-J--add-opens=jdk.compiler/com.sun.tools.javac.tree=ALL-UNNAMED</arg>
    <arg>-J--add-opens=jdk.compiler/com.sun.tools.javac.util=ALL-UNNAMED</arg>
    <arg>-J--add-opens=jdk.compiler/com.sun.tools.javac.jvm=ALL-UNNAMED</arg>
  </compilerArgs>
  <compilerId default-value="javac">${maven.compiler.compilerId}</compilerId>
  <compilerReuseStrategy default-value="${reuseCreated}">${maven.compiler.compilerReuseStrategy}</compilerReuseStrategy>
  <compilerVersion>${maven.compiler.compilerVersion}</compilerVersion>
  <createMissingPackageInfoClass default-value="true">${maven.compiler.createMissingPackageInfoClass}</createMissingPackageInfoClass>
  <debug default-value="true">${maven.compiler.debug}</debug>
  <debugFileName default-value="javac-test"/>
  <debuglevel>${maven.compiler.debuglevel}</debuglevel>
  <enablePreview default-value="false">${maven.compiler.enablePreview}</enablePreview>
  <encoding default-value="${project.build.sourceEncoding}">${encoding}</encoding>
  <executable>${maven.compiler.executable}</executable>
  <failOnError default-value="true">${maven.compiler.failOnError}</failOnError>
  <failOnWarning default-value="false">${maven.compiler.failOnWarning}</failOnWarning>
  <fileExtensions default-value="class,jar"/>
  <forceJavacCompilerUse default-value="false">${maven.compiler.forceJavacCompilerUse}</forceJavacCompilerUse>
  <forceLegacyJavacApi default-value="false">${maven.compiler.forceLegacyJavacApi}</forceLegacyJavacApi>
  <fork default-value="false">true</fork>
  <generatedTestSourcesDirectory default-value="${project.build.directory}/generated-test-sources/test-annotations"/>
  <implicit>${maven.compiler.implicit}</implicit>
  <maxmem>1024m</maxmem>
  <meminitial>128m</meminitial>
  <mojoExecution default-value="${mojoExecution}"/>
  <optimize default-value="false">${maven.compiler.optimize}</optimize>
  <outputDirectory default-value="${project.build.testOutputDirectory}"/>
  <outputTimestamp default-value="${project.build.outputTimestamp}"/>
  <parameters default-value="false">true</parameters>
  <proc>${maven.compiler.proc}</proc>
  <project default-value="${project}"/>
  <release>${maven.compiler.release}</release>
  <session default-value="${session}"/>
  <showCompilationChanges default-value="false">${maven.compiler.showCompilationChanges}</showCompilationChanges>
  <showDeprecation default-value="false">${maven.compiler.showDeprecation}</showDeprecation>
  <showWarnings default-value="true">${maven.compiler.showWarnings}</showWarnings>
  <skip>${maven.test.skip}</skip>
  <skipMultiThreadWarning default-value="false">${maven.compiler.skipMultiThreadWarning}</skipMultiThreadWarning>
  <source default-value="1.8">21</source>
  <staleMillis default-value="0">${lastModGranularityMs}</staleMillis>
  <target default-value="1.8">21</target>
  <testPath default-value="${project.testClasspathElements}"/>
  <testRelease>${maven.compiler.testRelease}</testRelease>
  <testSource>${maven.compiler.testSource}</testSource>
  <testTarget>${maven.compiler.testTarget}</testTarget>
  <useIncrementalCompilation default-value="true">${maven.compiler.useIncrementalCompilation}</useIncrementalCompilation>
  <useModulePath default-value="true"/>
  <verbose default-value="false">${maven.compiler.verbose}</verbose>
</configuration>
[DEBUG] -----------------------------------------------------------------------
[DEBUG] Goal:          org.apache.maven.plugins:maven-surefire-plugin:3.1.2:test (default-test)
[DEBUG] Style:         Regular
[DEBUG] Configuration: <?xml version="1.0" encoding="UTF-8"?>
<configuration>
  <additionalClasspathElements>${maven.test.additionalClasspath}</additionalClasspathElements>
  <argLine>${argLine}</argLine>
  <basedir default-value="${basedir}"/>
  <childDelegation default-value="false">${childDelegation}</childDelegation>
  <classesDirectory default-value="${project.build.outputDirectory}"/>
  <classpathDependencyExcludes>${maven.test.dependency.excludes}</classpathDependencyExcludes>
  <debugForkedProcess>${maven.surefire.debug}</debugForkedProcess>
  <dependenciesToScan>${dependenciesToScan}</dependenciesToScan>
  <disableXmlReport default-value="false">${disableXmlReport}</disableXmlReport>
  <enableAssertions default-value="true">${enableAssertions}</enableAssertions>
  <enableProcessChecker>${surefire.enableProcessChecker}</enableProcessChecker>
  <encoding default-value="${project.reporting.outputEncoding}">${surefire.encoding}</encoding>
  <excludeJUnit5Engines>${surefire.excludeJUnit5Engines}</excludeJUnit5Engines>
  <excludedEnvironmentVariables>${surefire.excludedEnvironmentVariables}</excludedEnvironmentVariables>
  <excludedGroups>${excludedGroups}</excludedGroups>
  <excludes>${surefire.excludes}</excludes>
  <excludesFile>${surefire.excludesFile}</excludesFile>
  <failIfNoSpecifiedTests default-value="true">${surefire.failIfNoSpecifiedTests}</failIfNoSpecifiedTests>
  <failIfNoTests default-value="false">${failIfNoTests}</failIfNoTests>
  <failOnFlakeCount default-value="0">${surefire.failOnFlakeCount}</failOnFlakeCount>
  <forkCount default-value="1">${forkCount}</forkCount>
  <forkNode>${surefire.forkNode}</forkNode>
  <forkedProcessExitTimeoutInSeconds default-value="30">${surefire.exitTimeout}</forkedProcessExitTimeoutInSeconds>
  <forkedProcessTimeoutInSeconds>${surefire.timeout}</forkedProcessTimeoutInSeconds>
  <groups>${groups}</groups>
  <includeJUnit5Engines>${surefire.includeJUnit5Engines}</includeJUnit5Engines>
  <includes>${surefire.includes}</includes>
  <includesFile>${surefire.includesFile}</includesFile>
  <junitArtifactName default-value="junit:junit">${junitArtifactName}</junitArtifactName>
  <jvm>${jvm}</jvm>
  <objectFactory>${objectFactory}</objectFactory>
  <parallel>${parallel}</parallel>
  <parallelMavenExecution default-value="${session.parallel}"/>
  <parallelOptimized default-value="true">${parallelOptimized}</parallelOptimized>
  <parallelTestsTimeoutForcedInSeconds>${surefire.parallel.forcedTimeout}</parallelTestsTimeoutForcedInSeconds>
  <parallelTestsTimeoutInSeconds>${surefire.parallel.timeout}</parallelTestsTimeoutInSeconds>
  <perCoreThreadCount default-value="true">${perCoreThreadCount}</perCoreThreadCount>
  <pluginArtifactMap>${plugin.artifactMap}</pluginArtifactMap>
  <pluginDescriptor default-value="${plugin}"/>
  <printSummary default-value="true">${surefire.printSummary}</printSummary>
  <project default-value="${project}"/>
  <projectArtifactMap>${project.artifactMap}</projectArtifactMap>
  <projectBuildDirectory default-value="${project.build.directory}"/>
  <redirectTestOutputToFile default-value="false">${maven.test.redirectTestOutputToFile}</redirectTestOutputToFile>
  <reportFormat default-value="brief">${surefire.reportFormat}</reportFormat>
  <reportNameSuffix default-value="">${surefire.reportNameSuffix}</reportNameSuffix>
  <reportsDirectory default-value="${project.build.directory}/surefire-reports"/>
  <rerunFailingTestsCount default-value="0">${surefire.rerunFailingTestsCount}</rerunFailingTestsCount>
  <reuseForks default-value="true">${reuseForks}</reuseForks>
  <runOrder default-value="filesystem">${surefire.runOrder}</runOrder>
  <runOrderRandomSeed>${surefire.runOrder.random.seed}</runOrderRandomSeed>
  <session default-value="${session}"/>
  <shutdown default-value="exit">${surefire.shutdown}</shutdown>
  <skip default-value="false">${maven.test.skip}</skip>
  <skipAfterFailureCount default-value="0">${surefire.skipAfterFailureCount}</skipAfterFailureCount>
  <skipExec>${maven.test.skip.exec}</skipExec>
  <skipTests default-value="false">${skipTests}</skipTests>
  <suiteXmlFiles>${surefire.suiteXmlFiles}</suiteXmlFiles>
  <systemPropertiesFile>${surefire.systemPropertiesFile}</systemPropertiesFile>
  <tempDir default-value="surefire">${tempDir}</tempDir>
  <test>${test}</test>
  <testClassesDirectory default-value="${project.build.testOutputDirectory}"/>
  <testFailureIgnore default-value="false">${maven.test.failure.ignore}</testFailureIgnore>
  <testNGArtifactName default-value="org.testng:testng">${testNGArtifactName}</testNGArtifactName>
  <testSourceDirectory default-value="${project.build.testSourceDirectory}"/>
  <threadCount>${threadCount}</threadCount>
  <threadCountClasses default-value="0">${threadCountClasses}</threadCountClasses>
  <threadCountMethods default-value="0">${threadCountMethods}</threadCountMethods>
  <threadCountSuites default-value="0">${threadCountSuites}</threadCountSuites>
  <trimStackTrace default-value="false">${trimStackTrace}</trimStackTrace>
  <useFile default-value="true">${surefire.useFile}</useFile>
  <useManifestOnlyJar default-value="true">${surefire.useManifestOnlyJar}</useManifestOnlyJar>
  <useModulePath default-value="true">${surefire.useModulePath}</useModulePath>
  <useSystemClassLoader default-value="true">${surefire.useSystemClassLoader}</useSystemClassLoader>
  <useUnlimitedThreads default-value="false">${useUnlimitedThreads}</useUnlimitedThreads>
  <workingDirectory>${basedir}</workingDirectory>
</configuration>
[DEBUG] =======================================================================
[DEBUG] Using mirror maven-default-http-blocker (http://0.0.0.0/) for ow2-snapshot (http://repository.ow2.org/nexus/content/repositories/snapshots).
[DEBUG] Using mirror maven-default-http-blocker (http://0.0.0.0/) for vaadin-snapshots (http://oss.sonatype.org/content/repositories/vaadin-snapshots/).
[DEBUG] Using mirror maven-default-http-blocker (http://0.0.0.0/) for vaadin-releases (http://oss.sonatype.org/content/repositories/vaadin-releases/).
[DEBUG] Using mirror maven-default-http-blocker (http://0.0.0.0/) for apache.snapshots (http://repository.apache.org/snapshots).
[DEBUG] Dependency collection stats {ConflictMarker.analyzeTime=4385200, ConflictMarker.markTime=1006400, ConflictMarker.nodeCount=427, ConflictIdSorter.graphTime=1131100, ConflictIdSorter.topsortTime=533900, ConflictIdSorter.conflictIdCount=180, ConflictIdSorter.conflictIdCycleCount=0, ConflictResolver.totalTime=27154900, ConflictResolver.conflictItemCount=385, DfDependencyCollector.collectTime=1081677100, DfDependencyCollector.transformTime=37625800}
[DEBUG] com.smartblog:SmartBloggingPlatform:jar:1.0-SNAPSHOT
[DEBUG]    org.springframework.boot:spring-boot-starter-web:jar:3.2.2:compile
[DEBUG]       org.springframework.boot:spring-boot-starter:jar:3.2.2:compile (version managed from 3.2.2)
[DEBUG]          org.springframework.boot:spring-boot-starter-logging:jar:3.2.2:compile (version managed from 3.2.2)
[DEBUG]             ch.qos.logback:logback-classic:jar:1.4.14:compile (version managed from 1.4.14)
[DEBUG]                ch.qos.logback:logback-core:jar:1.4.14:compile (version managed from 1.4.14)
[DEBUG]             org.apache.logging.log4j:log4j-to-slf4j:jar:2.21.1:compile (version managed from 2.21.1)
[DEBUG]                org.apache.logging.log4j:log4j-api:jar:2.21.1:compile (version managed from 2.21.1)
[DEBUG]             org.slf4j:jul-to-slf4j:jar:2.0.11:compile (version managed from 2.0.11)
[DEBUG]          jakarta.annotation:jakarta.annotation-api:jar:2.1.1:compile (version managed from 2.1.1)
[DEBUG]          org.yaml:snakeyaml:jar:2.2:compile (version managed from 2.2)
[DEBUG]       org.springframework.boot:spring-boot-starter-json:jar:3.2.2:compile (version managed from 3.2.2)
[DEBUG]          com.fasterxml.jackson.datatype:jackson-datatype-jdk8:jar:2.15.3:compile (version managed from 2.15.3)
[DEBUG]          com.fasterxml.jackson.datatype:jackson-datatype-jsr310:jar:2.15.3:compile (version managed from 2.15.3)
[DEBUG]          com.fasterxml.jackson.module:jackson-module-parameter-names:jar:2.15.3:compile (version managed from 2.15.3)
[DEBUG]       org.springframework.boot:spring-boot-starter-tomcat:jar:3.2.2:compile (version managed from 3.2.2)
[DEBUG]          org.apache.tomcat.embed:tomcat-embed-core:jar:10.1.18:compile (version managed from 10.1.18)
[DEBUG]          org.apache.tomcat.embed:tomcat-embed-websocket:jar:10.1.18:compile (version managed from 10.1.18)
[DEBUG]       org.springframework:spring-web:jar:6.1.3:compile (version managed from 6.1.3)
[DEBUG]          org.springframework:spring-beans:jar:6.1.3:compile (version managed from 6.1.3)
[DEBUG]          io.micrometer:micrometer-observation:jar:1.12.2:compile (version managed from 1.12.2)
[DEBUG]             io.micrometer:micrometer-commons:jar:1.12.2:compile (version managed from 1.12.2)
[DEBUG]       org.springframework:spring-webmvc:jar:6.1.3:compile (version managed from 6.1.3)
[DEBUG]          org.springframework:spring-expression:jar:6.1.3:compile (version managed from 6.1.3)
[DEBUG]    org.springframework.boot:spring-boot-starter-data-jpa:jar:3.2.2:compile
[DEBUG]       org.springframework.boot:spring-boot-starter-jdbc:jar:3.2.2:compile (version managed from 3.2.2)
[DEBUG]          com.zaxxer:HikariCP:jar:5.0.1:compile (version managed from 5.0.1)
[DEBUG]          org.springframework:spring-jdbc:jar:6.1.3:compile (version managed from 6.1.3)
[DEBUG]       org.hibernate.orm:hibernate-core:jar:6.4.1.Final:compile (version managed from 6.4.1.Final)
[DEBUG]          jakarta.persistence:jakarta.persistence-api:jar:3.1.0:compile (version managed from 3.1.0)
[DEBUG]          jakarta.transaction:jakarta.transaction-api:jar:2.0.1:compile (version managed from 2.0.1)
[DEBUG]          org.jboss.logging:jboss-logging:jar:3.5.3.Final:compile (version managed from 3.5.0.Final)
[DEBUG]          org.hibernate.common:hibernate-commons-annotations:jar:6.0.6.Final:runtime
[DEBUG]          io.smallrye:jandex:jar:3.1.2:runtime
[DEBUG]          com.fasterxml:classmate:jar:1.6.0:compile (version managed from 1.5.1)
[DEBUG]          net.bytebuddy:byte-buddy:jar:1.14.11:runtime (version managed from 1.14.7)
[DEBUG]          org.glassfish.jaxb:jaxb-runtime:jar:4.0.4:runtime (version managed from 4.0.2)
[DEBUG]             org.glassfish.jaxb:jaxb-core:jar:4.0.4:runtime (version managed from 4.0.4)
[DEBUG]                org.eclipse.angus:angus-activation:jar:2.0.1:runtime (version managed from 2.0.1)
[DEBUG]                org.glassfish.jaxb:txw2:jar:4.0.4:runtime (version managed from 4.0.4)
[DEBUG]                com.sun.istack:istack-commons-runtime:jar:4.1.2:runtime (version managed from 4.1.2)
[DEBUG]          jakarta.inject:jakarta.inject-api:jar:2.0.1:runtime
[DEBUG]          org.antlr:antlr4-runtime:jar:4.13.0:compile
[DEBUG]       org.springframework.data:spring-data-jpa:jar:3.2.2:compile (version managed from 3.2.2)
[DEBUG]          org.springframework.data:spring-data-commons:jar:3.2.2:compile (version managed from 3.2.2)
[DEBUG]          org.springframework:spring-orm:jar:6.1.3:compile (version managed from 6.1.3)
[DEBUG]          org.springframework:spring-tx:jar:6.1.3:compile (version managed from 6.1.3)
[DEBUG]          org.slf4j:slf4j-api:jar:2.0.11:compile (version managed from 2.0.2)
[DEBUG]       org.springframework:spring-aspects:jar:6.1.3:compile (version managed from 6.1.3)
[DEBUG]    org.springframework.boot:spring-boot-starter-validation:jar:3.2.2:compile
[DEBUG]       org.apache.tomcat.embed:tomcat-embed-el:jar:10.1.18:compile (version managed from 10.1.18)
[DEBUG]       org.hibernate.validator:hibernate-validator:jar:8.0.1.Final:compile (version managed from 8.0.1.Final)
[DEBUG]          jakarta.validation:jakarta.validation-api:jar:3.0.2:compile (version managed from 3.0.2)
[DEBUG]    org.springframework.boot:spring-boot-starter-cache:jar:3.2.2:compile
[DEBUG]       org.springframework:spring-context-support:jar:6.1.3:compile (version managed from 6.1.3)
[DEBUG]    org.springdoc:springdoc-openapi-starter-webmvc-ui:jar:2.3.0:compile
[DEBUG]       org.springdoc:springdoc-openapi-starter-webmvc-api:jar:2.3.0:compile
[DEBUG]          org.springdoc:springdoc-openapi-starter-common:jar:2.3.0:compile
[DEBUG]             io.swagger.core.v3:swagger-core-jakarta:jar:2.2.19:compile
[DEBUG]                io.swagger.core.v3:swagger-annotations-jakarta:jar:2.2.19:compile
[DEBUG]                io.swagger.core.v3:swagger-models-jakarta:jar:2.2.19:compile
[DEBUG]                com.fasterxml.jackson.dataformat:jackson-dataformat-yaml:jar:2.15.3:compile (version managed from 2.15.2)
[DEBUG]       org.webjars:swagger-ui:jar:5.10.3:compile
[DEBUG]    com.mysql:mysql-connector-j:jar:8.3.0:runtime (exclusions managed from [com.google.protobuf:protobuf-java:*:*])
[DEBUG]    org.flywaydb:flyway-core:jar:9.22.3:compile
[DEBUG]       com.fasterxml.jackson.dataformat:jackson-dataformat-toml:jar:2.15.3:compile (version managed from 2.15.2)
[DEBUG]          com.fasterxml.jackson.core:jackson-core:jar:2.15.3:compile (version managed from 2.15.3)
[DEBUG]       com.google.code.gson:gson:jar:2.10.1:compile (version managed from 2.10.1)
[DEBUG]    org.flywaydb:flyway-mysql:jar:9.22.3:compile
[DEBUG]    org.projectlombok:lombok:jar:1.18.38:provided
[DEBUG]    org.mindrot:jbcrypt:jar:0.4:compile
[DEBUG]    com.github.ben-manes.caffeine:caffeine:jar:3.1.8:compile
[DEBUG]       org.checkerframework:checker-qual:jar:3.37.0:compile
[DEBUG]       com.google.errorprone:error_prone_annotations:jar:2.21.1:compile
[DEBUG]    org.springframework.boot:spring-boot-starter-graphql:jar:3.2.2:compile
[DEBUG]       org.springframework.graphql:spring-graphql:jar:1.2.4:compile (version managed from 1.2.4)
[DEBUG]          io.micrometer:context-propagation:jar:1.0.6:runtime
[DEBUG]    org.springframework.boot:spring-boot-starter-data-redis:jar:3.2.2:compile
[DEBUG]       io.lettuce:lettuce-core:jar:6.3.1.RELEASE:compile (version managed from 6.3.1.RELEASE)
[DEBUG]          io.netty:netty-common:jar:4.1.105.Final:compile (version managed from 4.1.104.Final)
[DEBUG]          io.netty:netty-handler:jar:4.1.105.Final:compile (version managed from 4.1.104.Final)
[DEBUG]             io.netty:netty-resolver:jar:4.1.105.Final:compile (version managed from 4.1.105.Final)
[DEBUG]             io.netty:netty-buffer:jar:4.1.105.Final:compile (version managed from 4.1.105.Final)
[DEBUG]             io.netty:netty-transport-native-unix-common:jar:4.1.105.Final:compile (version managed from 4.1.105.Final)
[DEBUG]             io.netty:netty-codec:jar:4.1.105.Final:compile (version managed from 4.1.105.Final)
[DEBUG]          io.netty:netty-transport:jar:4.1.105.Final:compile (version managed from 4.1.104.Final)
[DEBUG]       org.springframework.data:spring-data-redis:jar:3.2.2:compile (version managed from 3.2.2)
[DEBUG]          org.springframework.data:spring-data-keyvalue:jar:3.2.2:compile (version managed from 3.2.2)
[DEBUG]          org.springframework:spring-oxm:jar:6.1.3:compile (version managed from 6.1.3)
[DEBUG]    org.mongodb:mongodb-driver-sync:jar:4.11.1:compile
[DEBUG]       org.mongodb:bson:jar:4.11.1:compile (version managed from 4.11.1)
[DEBUG]       org.mongodb:mongodb-driver-core:jar:4.11.1:compile (version managed from 4.11.1)
[DEBUG]          org.mongodb:bson-record-codec:jar:4.11.1:runtime (version managed from 4.11.1)
[DEBUG]    org.springframework.boot:spring-boot-devtools:jar:3.2.2:runtime (optional)
[DEBUG]       org.springframework.boot:spring-boot:jar:3.2.2:compile (version managed from 3.2.2)
[DEBUG]       org.springframework.boot:spring-boot-autoconfigure:jar:3.2.2:compile (version managed from 3.2.2)
[DEBUG]    org.springframework.boot:spring-boot-starter-security:jar:3.2.2:compile
[DEBUG]       org.springframework:spring-aop:jar:6.1.3:compile (version managed from 6.1.3)
[DEBUG]       org.springframework.security:spring-security-config:jar:6.2.1:compile (version managed from 6.2.1)
[DEBUG]       org.springframework.security:spring-security-web:jar:6.2.1:compile (version managed from 6.2.1)
[DEBUG]    org.springframework.boot:spring-boot-starter-oauth2-client:jar:3.2.2:compile
[DEBUG]       org.springframework.security:spring-security-core:jar:6.2.1:compile (version managed from 6.2.1)
[DEBUG]          org.springframework.security:spring-security-crypto:jar:6.2.1:compile (version managed from 6.2.1)
[DEBUG]       org.springframework.security:spring-security-oauth2-client:jar:6.2.1:compile (version managed from 6.2.1)
[DEBUG]          com.nimbusds:oauth2-oidc-sdk:jar:9.43.3:compile
[DEBUG]             com.nimbusds:content-type:jar:2.2:compile
[DEBUG]             com.nimbusds:lang-tag:jar:1.7:compile
[DEBUG]    org.springframework.security:spring-security-oauth2-jose:jar:6.2.1:compile
[DEBUG]       org.springframework.security:spring-security-oauth2-core:jar:6.2.1:compile (version managed from 6.2.1)
[DEBUG]       org.springframework:spring-core:jar:6.1.3:compile (version managed from 6.1.2)
[DEBUG]          org.springframework:spring-jcl:jar:6.1.3:compile (version managed from 6.1.3)
[DEBUG]       com.nimbusds:nimbus-jose-jwt:jar:9.24.4:compile
[DEBUG]          com.github.stephenc.jcip:jcip-annotations:jar:1.0-1:compile
[DEBUG]    io.jsonwebtoken:jjwt-api:jar:0.11.5:compile
[DEBUG]    io.jsonwebtoken:jjwt-impl:jar:0.11.5:runtime
[DEBUG]    io.jsonwebtoken:jjwt-jackson:jar:0.11.5:runtime
[DEBUG]       com.fasterxml.jackson.core:jackson-databind:jar:2.15.3:compile (version managed from 2.12.6.1)
[DEBUG]          com.fasterxml.jackson.core:jackson-annotations:jar:2.15.3:compile (version managed from 2.15.3)
[DEBUG]    org.springframework.boot:spring-boot-starter-test:jar:3.2.2:test
[DEBUG]       org.springframework.boot:spring-boot-test:jar:3.2.2:test (version managed from 3.2.2)
[DEBUG]       org.springframework.boot:spring-boot-test-autoconfigure:jar:3.2.2:test (version managed from 3.2.2)
[DEBUG]       com.jayway.jsonpath:json-path:jar:2.8.0:test (version managed from 2.8.0)
[DEBUG]       jakarta.xml.bind:jakarta.xml.bind-api:jar:4.0.1:compile (version managed from 4.0.1)
[DEBUG]          jakarta.activation:jakarta.activation-api:jar:2.1.2:compile (version managed from 2.1.2)
[DEBUG]       net.minidev:json-smart:jar:2.5.0:compile (version managed from 2.5.0)
[DEBUG]          net.minidev:accessors-smart:jar:2.5.0:compile
[DEBUG]             org.ow2.asm:asm:jar:9.3:compile
[DEBUG]       org.assertj:assertj-core:jar:3.24.2:test (version managed from 3.24.2)
[DEBUG]       org.awaitility:awaitility:jar:4.2.0:test (version managed from 4.2.0)
[DEBUG]       org.hamcrest:hamcrest:jar:2.2:test (version managed from 2.2)
[DEBUG]       org.junit.jupiter:junit-jupiter:jar:5.10.1:test (version managed from 5.10.1)
[DEBUG]          org.junit.jupiter:junit-jupiter-api:jar:5.10.1:test (version managed from 5.10.1)
[DEBUG]             org.opentest4j:opentest4j:jar:1.3.0:test
[DEBUG]             org.junit.platform:junit-platform-commons:jar:1.10.1:test (version managed from 1.10.1)
[DEBUG]             org.apiguardian:apiguardian-api:jar:1.1.2:test
[DEBUG]          org.junit.jupiter:junit-jupiter-params:jar:5.10.1:test (version managed from 5.10.1)
[DEBUG]          org.junit.jupiter:junit-jupiter-engine:jar:5.10.1:test (version managed from 5.10.1)
[DEBUG]             org.junit.platform:junit-platform-engine:jar:1.10.1:test (version managed from 1.10.1)
[DEBUG]       org.mockito:mockito-core:jar:5.7.0:test (version managed from 5.7.0)
[DEBUG]          net.bytebuddy:byte-buddy-agent:jar:1.14.11:test (version managed from 1.14.9)
[DEBUG]          org.objenesis:objenesis:jar:3.3:test
[DEBUG]       org.mockito:mockito-junit-jupiter:jar:5.7.0:test (version managed from 5.7.0)
[DEBUG]       org.skyscreamer:jsonassert:jar:1.5.1:test (version managed from 1.5.1)
[DEBUG]          com.vaadin.external.google:android-json:jar:0.0.20131108.vaadin1:test
[DEBUG]       org.springframework:spring-test:jar:6.1.3:test (version managed from 6.1.3)
[DEBUG]       org.xmlunit:xmlunit-core:jar:2.9.1:test (version managed from 2.9.1)
[DEBUG]    com.h2database:h2:jar:2.2.224:test
[DEBUG]    org.springframework.graphql:spring-graphql-test:jar:1.2.4:test
[DEBUG]       com.graphql-java:graphql-java:jar:21.3:compile (version managed from 20.7)
[DEBUG]          com.graphql-java:java-dataloader:jar:3.2.1:compile
[DEBUG]          org.reactivestreams:reactive-streams:jar:1.0.4:compile (version managed from 1.0.3)
[DEBUG]       io.projectreactor:reactor-core:jar:3.6.2:compile (version managed from 3.5.12)
[DEBUG]       org.springframework:spring-context:jar:6.1.3:compile (version managed from 6.0.14)
[DEBUG]    io.rest-assured:rest-assured:jar:5.3.2:test
[DEBUG]       org.apache.groovy:groovy:jar:4.0.17:test (version managed from 4.0.11)
[DEBUG]       org.apache.groovy:groovy-xml:jar:4.0.17:test (version managed from 4.0.11)
[DEBUG]       org.apache.httpcomponents:httpclient:jar:4.5.13:test
[DEBUG]          org.apache.httpcomponents:httpcore:jar:4.4.16:test (version managed from 4.4.13)
[DEBUG]          commons-logging:commons-logging:jar:1.2:test
[DEBUG]          commons-codec:commons-codec:jar:1.16.0:test (version managed from 1.11)
[DEBUG]       org.apache.httpcomponents:httpmime:jar:4.5.13:test
[DEBUG]       org.ccil.cowan.tagsoup:tagsoup:jar:1.2.1:test
[DEBUG]       io.rest-assured:json-path:jar:5.3.2:test (version managed from 5.3.2)
[DEBUG]          org.apache.groovy:groovy-json:jar:4.0.17:test (version managed from 4.0.11)
[DEBUG]          io.rest-assured:rest-assured-common:jar:5.3.2:test (version managed from 5.3.2)
[DEBUG]       io.rest-assured:xml-path:jar:5.3.2:test (version managed from 5.3.2)
[DEBUG]          org.apache.commons:commons-lang3:jar:3.13.0:compile (version managed from 3.11)
[DEBUG]    org.springframework.boot:spring-boot-starter-aop:jar:3.2.2:compile
[DEBUG]       org.aspectj:aspectjweaver:jar:1.9.21:compile (version managed from 1.9.21)
[DEBUG]    org.springframework.security:spring-security-test:jar:6.2.1:test
[DEBUG]    org.testcontainers:junit-jupiter:jar:1.18.3:test
[DEBUG]       org.testcontainers:testcontainers:jar:1.19.3:test (version managed from 1.18.3)
[DEBUG]          junit:junit:jar:4.13.2:test (version managed from 4.13.2)
[DEBUG]             org.hamcrest:hamcrest-core:jar:2.2:test (version managed from 1.3)
[DEBUG]          org.apache.commons:commons-compress:jar:1.24.0:test
[DEBUG]          org.rnorth.duct-tape:duct-tape:jar:1.0.8:test
[DEBUG]             org.jetbrains:annotations:jar:17.0.0:test
[DEBUG]          com.github.docker-java:docker-java-api:jar:3.3.4:test
[DEBUG]          com.github.docker-java:docker-java-transport-zerodep:jar:3.3.4:test
[DEBUG]             com.github.docker-java:docker-java-transport:jar:3.3.4:test
[DEBUG]             net.java.dev.jna:jna:jar:5.13.0:test
[INFO] 
[INFO] --- resources:3.3.1:resources (default-resources) @ SmartBloggingPlatform ---
[DEBUG] Dependency collection stats {ConflictMarker.analyzeTime=167900, ConflictMarker.markTime=32900, ConflictMarker.nodeCount=13, ConflictIdSorter.graphTime=97800, ConflictIdSorter.topsortTime=14100, ConflictIdSorter.conflictIdCount=9, ConflictIdSorter.conflictIdCycleCount=0, ConflictResolver.totalTime=695500, ConflictResolver.conflictItemCount=13, DfDependencyCollector.collectTime=54377000, DfDependencyCollector.transformTime=1028600}
[DEBUG] org.apache.maven.plugins:maven-resources-plugin:jar:3.3.1
[DEBUG]    org.codehaus.plexus:plexus-interpolation:jar:1.26:runtime
[DEBUG]    org.codehaus.plexus:plexus-utils:jar:3.5.1:compile
[DEBUG]    org.apache.maven.shared:maven-filtering:jar:3.3.1:compile
[DEBUG]       javax.inject:javax.inject:jar:1:compile
[DEBUG]       org.slf4j:slf4j-api:jar:1.7.36:compile
[DEBUG]       org.sonatype.plexus:plexus-build-api:jar:0.0.7:compile
[DEBUG]    commons-io:commons-io:jar:2.11.0:compile
[DEBUG]    org.apache.commons:commons-lang3:jar:3.12.0:compile
[DEBUG] Created new class realm plugin>org.apache.maven.plugins:maven-resources-plugin:3.3.1
[DEBUG] Importing foreign packages into class realm plugin>org.apache.maven.plugins:maven-resources-plugin:3.3.1
[DEBUG]   Imported:  < maven.api
[DEBUG] Populating class realm plugin>org.apache.maven.plugins:maven-resources-plugin:3.3.1
[DEBUG]   Included: org.apache.maven.plugins:maven-resources-plugin:jar:3.3.1
[DEBUG]   Included: org.codehaus.plexus:plexus-interpolation:jar:1.26
[DEBUG]   Included: org.codehaus.plexus:plexus-utils:jar:3.5.1
[DEBUG]   Included: org.apache.maven.shared:maven-filtering:jar:3.3.1
[DEBUG]   Included: org.sonatype.plexus:plexus-build-api:jar:0.0.7
[DEBUG]   Included: commons-io:commons-io:jar:2.11.0
[DEBUG]   Included: org.apache.commons:commons-lang3:jar:3.12.0
[DEBUG] Loading mojo org.apache.maven.plugins:maven-resources-plugin:3.3.1:resources from plugin realm ClassRealm[plugin>org.apache.maven.plugins:maven-resources-plugin:3.3.1, parent: jdk.internal.loader.ClassLoaders$AppClassLoader@5bc2b487]
[DEBUG] Configuring mojo execution 'org.apache.maven.plugins:maven-resources-plugin:3.3.1:resources:default-resources' with basic configurator -->
[DEBUG]   (f) addDefaultExcludes = true
[DEBUG]   (f) buildFilters = []
[DEBUG]   (s) delimiters = [@]
[DEBUG]   (f) encoding = UTF-8
[DEBUG]   (f) escapeWindowsPaths = true
[DEBUG]   (f) fileNameFiltering = false
[DEBUG]   (s) includeEmptyDirs = false
[DEBUG]   (s) outputDirectory = C:\Users\AndyKwasiDebrah\IdeaProjects\SmartBloggingPlatform\target\classes
[DEBUG]   (s) overwrite = false
[DEBUG]   (f) project = MavenProject: com.smartblog:SmartBloggingPlatform:1.0-SNAPSHOT @ C:\Users\AndyKwasiDebrah\IdeaProjects\SmartBloggingPlatform\pom.xml
[DEBUG]   (f) propertiesEncoding = UTF-8
[DEBUG]   (s) resources = [Resource {targetPath: null, filtering: true, FileSet {directory: C:\Users\AndyKwasiDebrah\IdeaProjects\SmartBloggingPlatform\src\main\resources, PatternSet [includes: {**/application*.yml, **/application*.yaml, **/application*.properties}, excludes: {}]}}, Resource {targetPath: null, filtering: false, FileSet {directory: C:\Users\AndyKwasiDebrah\IdeaProjects\SmartBloggingPlatform\src\main\resources, PatternSet [includes: {}, excludes: {**/application*.yml, **/application*.yaml, **/application*.properties}]}}]
[DEBUG]   (f) session = org.apache.maven.execution.MavenSession@5762658b
[DEBUG]   (f) skip = false
[DEBUG]   (f) supportMultiLineFiltering = false
[DEBUG]   (f) useBuildFilters = true
[DEBUG]   (s) useDefaultDelimiters = false
[DEBUG] -- end configuration --
[DEBUG] properties used:
[DEBUG] activemq.version: 5.18.3
[DEBUG] angus-mail.version: 2.0.2
[DEBUG] artemis.version: 2.31.2
[DEBUG] aspectj.version: 1.9.21
[DEBUG] assertj.version: 3.24.2
[DEBUG] awaitility.version: 4.2.0
[DEBUG] brave.version: 5.16.0
[DEBUG] build-helper-maven-plugin.version: 3.4.0
[DEBUG] byte-buddy.version: 1.14.11
[DEBUG] cache2k.version: 2.6.1.Final
[DEBUG] caffeine.version: 3.1.8
[DEBUG] cassandra-driver.version: 4.17.0
[DEBUG] classmate.version: 1.6.0
[DEBUG] classworlds.conf: C:\Users\AndyKwasiDebrah\AppData\Roaming\Code\User\globalStorage\pleiades.java-extension-pack-jdk\maven\latest\bin\m2.conf
[DEBUG] commons-codec.version: 1.16.0
[DEBUG] commons-dbcp2.version: 2.10.0
[DEBUG] commons-lang3.version: 3.13.0
[DEBUG] commons-pool.version: 1.6
[DEBUG] commons-pool2.version: 2.12.0
[DEBUG] couchbase-client.version: 3.4.11
[DEBUG] crac.version: 1.4.0
[DEBUG] db2-jdbc.version: 11.5.9.0
[DEBUG] dependency-management-plugin.version: 1.1.4
[DEBUG] derby.version: 10.16.1.1
[DEBUG] dropwizard-metrics.version: 4.2.23
[DEBUG] ehcache3.version: 3.10.8
[DEBUG] elasticsearch-client.version: 8.10.4
[DEBUG] env.=C:: C:\Users\AndyKwasiDebrah\IdeaProjects\SmartBloggingPlatform
[DEBUG] env.=EXITCODE: 00000000
[DEBUG] env.ALLUSERSPROFILE: C:\ProgramData
[DEBUG] env.APPDATA: C:\Users\AndyKwasiDebrah\AppData\Roaming
[DEBUG] env.CHOCOLATEYINSTALL: C:\ProgramData\chocolatey
[DEBUG] env.CHOCOLATEYLASTPATHUPDATE: 134132876158990375
[DEBUG] env.CHROME_CRASHPAD_PIPE_NAME: \\.\pipe\crashpad_21840_PXKILUSCOFMPVPAL
[DEBUG] env.CLASSWORLDS_JAR: "C:\Users\AndyKwasiDebrah\AppData\Roaming\Code\User\globalStorage\pleiades.java-extension-pack-jdk\maven\latest\boot\plexus-classworlds-2.9.0.jar"
[DEBUG] env.CLASSWORLDS_LAUNCHER: org.codehaus.plexus.classworlds.launcher.Launcher
[DEBUG] env.COLORTERM: truecolor
[DEBUG] env.COMMONPROGRAMFILES: C:\Program Files\Common Files
[DEBUG] env.COMMONPROGRAMFILES(X86): C:\Program Files (x86)\Common Files
[DEBUG] env.COMMONPROGRAMW6432: C:\Program Files\Common Files
[DEBUG] env.COMPUTERNAME: AMALITECH-PC-GH
[DEBUG] env.COMSPEC: C:\WINDOWS\system32\cmd.exe
[DEBUG] env.DRIVERDATA: C:\Windows\System32\Drivers\DriverData
[DEBUG] env.EFC_26072_1592913036: 1
[DEBUG] env.EFC_26072_344590478: 1
[DEBUG] env.ERROR_CODE: 0
[DEBUG] env.EXEC_DIR: C:\Users\AndyKwasiDebrah\IdeaProjects\SmartBloggingPlatform
[DEBUG] env.GIT_ASKPASS: c:\Users\AndyKwasiDebrah\AppData\Roaming\Code\User\globalStorage\vscode.git\askpass\2d0aa4fb4040936c\askpass.sh
[DEBUG] env.GIT_PAGER: cat
[DEBUG] env.GK_GL_ADDR: http://127.0.0.1:50284
[DEBUG] env.GK_GL_PATH: C:\Users\ANDYKW~1\AppData\Local\Temp\gitkraken\gitlens\gitlens-ipc-server-21840-50284.json
[DEBUG] env.HOMEDRIVE: C:
[DEBUG] env.HOMEPATH: \Users\AndyKwasiDebrah
[DEBUG] env.INTELLIJ IDEA COMMUNITY EDITION: C:\Program Files\JetBrains\IntelliJ IDEA Community Edition 2025.2.5\bin
[DEBUG] env.INTERNAL_MAVEN_OPTS: --enable-native-access=ALL-UNNAMED 
[DEBUG] env.JAVACMD: C:\Users\AndyKwasiDebrah\.jdks\openjdk-25.0.2\bin\java.exe
[DEBUG] env.JAVA_HOME: C:\Users\AndyKwasiDebrah\.jdks\openjdk-25.0.2
[DEBUG] env.JAVA_TOOL_OPTIONS: -Dstdout.encoding=UTF-8 -Dstderr.encoding=UTF-8
[DEBUG] env.JVMCONFIG: \.mvn\jvm.config
[DEBUG] env.LANG: en_US.UTF-8
[DEBUG] env.LOCALAPPDATA: C:\Users\AndyKwasiDebrah\AppData\Local
[DEBUG] env.LOGONSERVER: \\AMALITECH-PC-GH
[DEBUG] env.MAVEN_CMD_LINE_ARGS: -X -Dtest=OAuth2UserServiceImplTest test -DtrimStackTrace=false
[DEBUG] env.MAVEN_HOME: C:\Users\AndyKwasiDebrah\AppData\Roaming\Code\User\globalStorage\pleiades.java-extension-pack-jdk\maven\latest
[DEBUG] env.MAVEN_PROJECTBASEDIR: C:\Users\AndyKwasiDebrah\IdeaProjects\SmartBloggingPlatform
[DEBUG] env.NUMBER_OF_PROCESSORS: 8
[DEBUG] env.ONEDRIVE: C:\Users\AndyKwasiDebrah\OneDrive - AmaliTech gGmbH
[DEBUG] env.ONEDRIVECOMMERCIAL: C:\Users\AndyKwasiDebrah\OneDrive - AmaliTech gGmbH
[DEBUG] env.OS: Windows_NT
[DEBUG] env.PATH: c:\Users\AndyKwasiDebrah\AppData\Roaming\Code\User\globalStorage\github.copilot-chat\debugCommand;c:\Users\AndyKwasiDebrah\AppData\Roaming\Code\User\globalStorage\github.copilot-chat\copilotCli;C:\Users\AndyKwasiDebrah\AppData\Roaming\Code\User\globalStorage\pleiades.java-extension-pack-jdk\gradle\latest\bin;C:\Users\AndyKwasiDebrah\AppData\Roaming\Code\User\globalStorage\pleiades.java-extension-pack-jdk\maven\latest\bin;C:\Users\AndyKwasiDebrah\.jdks\openjdk-25.0.2\bin;C:\Program Files\Eclipse Adoptium\jdk-25.0.1.8-hotspot\bin;C:\WINDOWS\system32;C:\WINDOWS;C:\WINDOWS\System32\Wbem;C:\WINDOWS\System32\WindowsPowerShell\v1.0\;C:\WINDOWS\System32\OpenSSH\;C:\Program Files\Git\cmd;C:\Program Files\cursor\resources\app\bin;%MAVEN_HOME%\bin;;C:\ProgramData\chocolatey\bin;C:\ProgramData\chocolatey\lib\maven\apache-maven-3.9.11\bin;C:\Users\AndyKwasiDebrah\AppData\Local\Microsoft\WindowsApps;C:\Program Files\JetBrains\IntelliJ IDEA Community Edition 2025.2.5\bin;C:\Users\AndyKwasiDebrah\AppData\Local\Programs\Microsoft VS Code\bin;c:\Users\AndyKwasiDebrah\.vscode\extensions\vscjava.vscode-java-debug-0.58.5\bundled\scripts\noConfigScripts
[DEBUG] env.PATHEXT: .COM;.EXE;.BAT;.CMD;.VBS;.VBE;.JS;.JSE;.WSF;.WSH;.MSC
[DEBUG] env.PROCESSOR_ARCHITECTURE: AMD64
[DEBUG] env.PROCESSOR_IDENTIFIER: Intel64 Family 6 Model 140 Stepping 1, GenuineIntel
[DEBUG] env.PROCESSOR_LEVEL: 6
[DEBUG] env.PROCESSOR_REVISION: 8c01
[DEBUG] env.PROGRAMDATA: C:\ProgramData
[DEBUG] env.PROGRAMFILES: C:\Program Files
[DEBUG] env.PROGRAMFILES(X86): C:\Program Files (x86)
[DEBUG] env.PROGRAMW6432: C:\Program Files
[DEBUG] env.PROMPT: $P$G
[DEBUG] env.PSMODULEPATH: C:\Program Files\WindowsPowerShell\Modules;C:\WINDOWS\system32\WindowsPowerShell\v1.0\Modules
[DEBUG] env.PUBLIC: C:\Users\Public
[DEBUG] env.SESSIONNAME: Console
[DEBUG] env.SYSTEMDRIVE: C:
[DEBUG] env.SYSTEMROOT: C:\WINDOWS
[DEBUG] env.TEMP: C:\Users\ANDYKW~1\AppData\Local\Temp
[DEBUG] env.TERM_PROGRAM: vscode
[DEBUG] env.TERM_PROGRAM_VERSION: 1.109.5
[DEBUG] env.TMP: C:\Users\ANDYKW~1\AppData\Local\Temp
[DEBUG] env.USERDOMAIN: AzureAD
[DEBUG] env.USERDOMAIN_ROAMINGPROFILE: AzureAD
[DEBUG] env.USERNAME: AndyKwasiDebrah
[DEBUG] env.USERPROFILE: C:\Users\AndyKwasiDebrah
[DEBUG] env.VSCODE_GIT_ASKPASS_EXTRA_ARGS: 
[DEBUG] env.VSCODE_GIT_ASKPASS_MAIN: c:\Users\AndyKwasiDebrah\AppData\Roaming\Code\User\globalStorage\vscode.git\askpass\2d0aa4fb4040936c\askpass-main.js
[DEBUG] env.VSCODE_GIT_ASKPASS_NODE: C:\Users\AndyKwasiDebrah\AppData\Local\Programs\Microsoft VS Code\Code.exe
[DEBUG] env.VSCODE_GIT_IPC_HANDLE: \\.\pipe\vscode-git-c8198a3c98-sock
[DEBUG] env.VSCODE_JAVA_EXEC: C:\Users\AndyKwasiDebrah\.jdks\ms-21.0.9\bin\java
[DEBUG] env.VSCODE_JDWP_ADAPTER_ENDPOINTS: c:\Users\AndyKwasiDebrah\.vscode\extensions\vscjava.vscode-java-debug-0.58.5\.noConfigDebugAdapterEndpoints\endpoint-13603c479d1f56c0.txt
[DEBUG] env.VSCODE_NONCE: 53cc3220-02a6-4591-a8ce-cfebb57bad4b
[DEBUG] env.WDIR: C:\Users\AndyKwasiDebrah\IdeaProjects\SmartBloggingPlatform
[DEBUG] env.WINDIR: C:\WINDOWS
[DEBUG] env.ZES_ENABLE_SYSMAN: 1
[DEBUG] file.encoding: UTF-8
[DEBUG] file.separator: \
[DEBUG] flyway.version: 9.22.3
[DEBUG] freemarker.version: 2.3.32
[DEBUG] git-commit-id-maven-plugin.version: 6.0.0
[DEBUG] glassfish-jaxb.version: 4.0.4
[DEBUG] glassfish-jstl.version: 3.0.1
[DEBUG] graphql-java.version: 21.3
[DEBUG] groovy.version: 4.0.17
[DEBUG] gson.version: 2.10.1
[DEBUG] h2.version: 2.2.224
[DEBUG] hamcrest.version: 2.2
[DEBUG] hazelcast.version: 5.3.6
[DEBUG] hibernate-validator.version: 8.0.1.Final
[DEBUG] hibernate.version: 6.4.1.Final
[DEBUG] hikaricp.version: 5.0.1
[DEBUG] hsqldb.version: 2.7.2
[DEBUG] htmlunit.version: 2.70.0
[DEBUG] httpasyncclient.version: 4.1.5
[DEBUG] httpclient5.version: 5.2.3
[DEBUG] httpcore.version: 4.4.16
[DEBUG] httpcore5.version: 5.2.4
[DEBUG] infinispan.version: 14.0.21.Final
[DEBUG] influxdb-java.version: 2.23
[DEBUG] jackson-bom.version: 2.15.3
[DEBUG] jakarta-activation.version: 2.1.2
[DEBUG] jakarta-annotation.version: 2.1.1
[DEBUG] jakarta-jms.version: 3.1.0
[DEBUG] jakarta-json-bind.version: 3.0.0
[DEBUG] jakarta-json.version: 2.1.3
[DEBUG] jakarta-mail.version: 2.1.2
[DEBUG] jakarta-management.version: 1.1.4
[DEBUG] jakarta-persistence.version: 3.1.0
[DEBUG] jakarta-servlet-jsp-jstl.version: 3.0.0
[DEBUG] jakarta-servlet.version: 6.0.0
[DEBUG] jakarta-transaction.version: 2.0.1
[DEBUG] jakarta-validation.version: 3.0.2
[DEBUG] jakarta-websocket.version: 2.1.1
[DEBUG] jakarta-ws-rs.version: 3.1.0
[DEBUG] jakarta-xml-bind.version: 4.0.1
[DEBUG] jakarta-xml-soap.version: 3.0.1
[DEBUG] jakarta-xml-ws.version: 4.0.1
[DEBUG] janino.version: 3.1.11
[DEBUG] java.class.path: C:\Users\AndyKwasiDebrah\AppData\Roaming\Code\User\globalStorage\pleiades.java-extension-pack-jdk\maven\latest\boot\plexus-classworlds-2.9.0.jar
[DEBUG] java.class.version: 69.0
[DEBUG] java.home: C:\Users\AndyKwasiDebrah\.jdks\openjdk-25.0.2
[DEBUG] java.io.tmpdir: C:\Users\ANDYKW~1\AppData\Local\Temp\
[DEBUG] java.library.path: C:\Users\AndyKwasiDebrah\.jdks\openjdk-25.0.2\bin;C:\WINDOWS\Sun\Java\bin;C:\WINDOWS\system32;C:\WINDOWS;c:\Users\AndyKwasiDebrah\AppData\Roaming\Code\User\globalStorage\github.copilot-chat\debugCommand;c:\Users\AndyKwasiDebrah\AppData\Roaming\Code\User\globalStorage\github.copilot-chat\copilotCli;C:\Users\AndyKwasiDebrah\AppData\Roaming\Code\User\globalStorage\pleiades.java-extension-pack-jdk\gradle\latest\bin;C:\Users\AndyKwasiDebrah\AppData\Roaming\Code\User\globalStorage\pleiades.java-extension-pack-jdk\maven\latest\bin;C:\Users\AndyKwasiDebrah\.jdks\openjdk-25.0.2\bin;C:\Program Files\Eclipse Adoptium\jdk-25.0.1.8-hotspot\bin;C:\WINDOWS\system32;C:\WINDOWS;C:\WINDOWS\System32\Wbem;C:\WINDOWS\System32\WindowsPowerShell\v1.0\;C:\WINDOWS\System32\OpenSSH\;C:\Program Files\Git\cmd;C:\Program Files\cursor\resources\app\bin;%MAVEN_HOME%\bin;;C:\ProgramData\chocolatey\bin;C:\ProgramData\chocolatey\lib\maven\apache-maven-3.9.11\bin;C:\Users\AndyKwasiDebrah\AppData\Local\Microsoft\WindowsApps;C:\Program Files\JetBrains\IntelliJ IDEA Community Edition 2025.2.5\bin;C:\Users\AndyKwasiDebrah\AppData\Local\Programs\Microsoft VS Code\bin;c:\Users\AndyKwasiDebrah\.vscode\extensions\vscjava.vscode-java-debug-0.58.5\bundled\scripts\noConfigScripts;.
[DEBUG] java.runtime.name: OpenJDK Runtime Environment
[DEBUG] java.runtime.version: 25.0.2+10-69
[DEBUG] java.specification.name: Java Platform API Specification
[DEBUG] java.specification.vendor: Oracle Corporation
[DEBUG] java.specification.version: 25
[DEBUG] java.vendor: Oracle Corporation
[DEBUG] java.vendor.url: https://java.oracle.com/
[DEBUG] java.vendor.url.bug: https://bugreport.java.com/bugreport/
[DEBUG] java.version: 25.0.2
[DEBUG] java.version.date: 2026-01-20
[DEBUG] java.vm.compressedOopsMode: Zero based
[DEBUG] java.vm.info: mixed mode, sharing
[DEBUG] java.vm.name: OpenJDK 64-Bit Server VM
[DEBUG] java.vm.specification.name: Java Virtual Machine Specification
[DEBUG] java.vm.specification.vendor: Oracle Corporation
[DEBUG] java.vm.specification.version: 25
[DEBUG] java.vm.vendor: Oracle Corporation
[DEBUG] java.vm.version: 25.0.2+10-69
[DEBUG] javax-cache.version: 1.1.1
[DEBUG] javax-money.version: 1.1
[DEBUG] jaxen.version: 2.0.0
[DEBUG] jaybird.version: 5.0.3.java11
[DEBUG] jboss-logging.version: 3.5.3.Final
[DEBUG] jdk.debug: release
[DEBUG] jdom2.version: 2.0.6.1
[DEBUG] jedis.version: 5.0.2
[DEBUG] jersey.version: 3.1.5
[DEBUG] jetty-reactive-httpclient.version: 4.0.1
[DEBUG] jetty.version: 12.0.5
[DEBUG] jmustache.version: 1.15
[DEBUG] jooq.version: 3.18.9
[DEBUG] json-path.version: 2.8.0
[DEBUG] json-smart.version: 2.5.0
[DEBUG] jsonassert.version: 1.5.1
[DEBUG] jtds.version: 1.3.1
[DEBUG] junit-jupiter.version: 5.10.1
[DEBUG] junit.version: 4.13.2
[DEBUG] kafka.version: 3.6.1
[DEBUG] kotlin-coroutines.version: 1.7.3
[DEBUG] kotlin-serialization.version: 1.6.2
[DEBUG] kotlin.version: 1.9.22
[DEBUG] lettuce.version: 6.3.1.RELEASE
[DEBUG] library.jansi.path: C:\Users\AndyKwasiDebrah\AppData\Roaming\Code\User\globalStorage\pleiades.java-extension-pack-jdk\maven\latest\lib\jansi-native
[DEBUG] line.separator: 

[DEBUG] liquibase.version: 4.24.0
[DEBUG] log4j2.version: 2.21.1
[DEBUG] logback.version: 1.4.14
[DEBUG] lombok.version: 1.18.30
[DEBUG] mariadb.version: 3.3.2
[DEBUG] maven-antrun-plugin.version: 3.1.0
[DEBUG] maven-assembly-plugin.version: 3.6.0
[DEBUG] maven-clean-plugin.version: 3.3.2
[DEBUG] maven-compiler-plugin.version: 3.13.0
[DEBUG] maven-dependency-plugin.version: 3.6.1
[DEBUG] maven-deploy-plugin.version: 3.1.1
[DEBUG] maven-enforcer-plugin.version: 3.4.1
[DEBUG] maven-failsafe-plugin.version: 3.1.2
[DEBUG] maven-help-plugin.version: 3.4.0
[DEBUG] maven-install-plugin.version: 3.1.1
[DEBUG] maven-invoker-plugin.version: 3.6.0
[DEBUG] maven-jar-plugin.version: 3.3.0
[DEBUG] maven-javadoc-plugin.version: 3.6.3
[DEBUG] maven-resources-plugin.version: 3.3.1
[DEBUG] maven-shade-plugin.version: 3.5.1
[DEBUG] maven-source-plugin.version: 3.3.0
[DEBUG] maven-surefire-plugin.version: 3.1.2
[DEBUG] maven-war-plugin.version: 3.4.0
[DEBUG] maven.build.timestamp: 2026-02-25T11:04:55Z
[DEBUG] maven.build.version: Apache Maven 3.9.12 (848fbb4bf2d427b72bdb2471c22fced7ebd9a7a1)
[DEBUG] maven.compiler.release: 21
[DEBUG] maven.conf: C:\Users\AndyKwasiDebrah\AppData\Roaming\Code\User\globalStorage\pleiades.java-extension-pack-jdk\maven\latest/conf
[DEBUG] maven.home: C:\Users\AndyKwasiDebrah\AppData\Roaming\Code\User\globalStorage\pleiades.java-extension-pack-jdk\maven\latest
[DEBUG] maven.multiModuleProjectDirectory: C:\Users\AndyKwasiDebrah\IdeaProjects\SmartBloggingPlatform
[DEBUG] maven.version: 3.9.12
[DEBUG] micrometer-tracing.version: 1.2.2
[DEBUG] micrometer.version: 1.12.2
[DEBUG] mockito.version: 5.7.0
[DEBUG] mongodb.driver.version: 4.11.1
[DEBUG] mongodb.version: 4.11.1
[DEBUG] mssql-jdbc.version: 12.4.2.jre11
[DEBUG] mysql.version: 8.3.0
[DEBUG] native-build-tools-plugin.version: 0.9.28
[DEBUG] native.encoding: Cp1252
[DEBUG] nekohtml.version: 1.9.22
[DEBUG] neo4j-java-driver.version: 5.15.0
[DEBUG] netty.version: 4.1.105.Final
[DEBUG] okhttp.version: 4.12.0
[DEBUG] opentelemetry.version: 1.31.0
[DEBUG] oracle-database.version: 21.9.0.0
[DEBUG] oracle-r2dbc.version: 1.1.1
[DEBUG] os.arch: amd64
[DEBUG] os.name: Windows 11
[DEBUG] os.version: 10.0
[DEBUG] path.separator: ;
[DEBUG] pooled-jms.version: 3.1.5
[DEBUG] postgresql.version: 42.6.0
[DEBUG] project.baseUri: file:/C:/Users/AndyKwasiDebrah/IdeaProjects/SmartBloggingPlatform/
[DEBUG] project.build.sourceEncoding: UTF-8
[DEBUG] project.reporting.outputEncoding: UTF-8
[DEBUG] prometheus-client.version: 0.16.0
[DEBUG] pulsar-reactive.version: 0.5.2
[DEBUG] pulsar.version: 3.1.2
[DEBUG] quartz.version: 2.3.2
[DEBUG] querydsl.version: 5.0.0
[DEBUG] r2dbc-h2.version: 1.0.0.RELEASE
[DEBUG] r2dbc-mariadb.version: 1.1.4
[DEBUG] r2dbc-mssql.version: 1.0.2.RELEASE
[DEBUG] r2dbc-mysql.version: 1.0.6
[DEBUG] r2dbc-pool.version: 1.0.1.RELEASE
[DEBUG] r2dbc-postgresql.version: 1.0.4.RELEASE
[DEBUG] r2dbc-proxy.version: 1.1.4.RELEASE
[DEBUG] r2dbc-spi.version: 1.0.0.RELEASE
[DEBUG] rabbit-amqp-client.version: 5.19.0
[DEBUG] rabbit-stream-client.version: 0.14.0
[DEBUG] reactive-streams.version: 1.0.4
[DEBUG] reactor-bom.version: 2023.0.2
[DEBUG] resource.delimiter: @
[DEBUG] rest-assured.version: 5.3.2
[DEBUG] rsocket.version: 1.1.3
[DEBUG] rxjava3.version: 3.1.8
[DEBUG] saaj-impl.version: 3.0.3
[DEBUG] selenium-htmlunit.version: 4.13.0
[DEBUG] selenium.version: 4.14.1
[DEBUG] sendgrid.version: 4.9.3
[DEBUG] slf4j.version: 2.0.11
[DEBUG] snakeyaml.version: 2.2
[DEBUG] spring-amqp.version: 3.1.1
[DEBUG] spring-authorization-server.version: 1.2.1
[DEBUG] spring-batch.version: 5.1.0
[DEBUG] spring-data-bom.version: 2023.1.2
[DEBUG] spring-framework.version: 6.1.3
[DEBUG] spring-graphql.version: 1.2.4
[DEBUG] spring-hateoas.version: 2.2.0
[DEBUG] spring-integration.version: 6.2.1
[DEBUG] spring-kafka.version: 3.1.1
[DEBUG] spring-ldap.version: 3.2.1
[DEBUG] spring-pulsar.version: 1.0.2
[DEBUG] spring-restdocs.version: 3.0.1
[DEBUG] spring-retry.version: 2.0.5
[DEBUG] spring-security.version: 6.2.1
[DEBUG] spring-session.version: 3.2.1
[DEBUG] spring-ws.version: 4.0.10
[DEBUG] springdoc.version: 2.3.0
[DEBUG] sqlite-jdbc.version: 3.43.2.0
[DEBUG] stderr.encoding: UTF-8
[DEBUG] stdin.encoding: UTF-8
[DEBUG] stdout.encoding: UTF-8
[DEBUG] sun.arch.data.model: 64
[DEBUG] sun.boot.library.path: C:\Users\AndyKwasiDebrah\.jdks\openjdk-25.0.2\bin
[DEBUG] sun.cpu.endian: little
[DEBUG] sun.cpu.isalist: amd64
[DEBUG] sun.io.unicode.encoding: UnicodeLittle
[DEBUG] sun.java.command: org.codehaus.plexus.classworlds.launcher.Launcher -X -Dtest=OAuth2UserServiceImplTest test -DtrimStackTrace=false
[DEBUG] sun.java.launcher: SUN_STANDARD
[DEBUG] sun.jnu.encoding: Cp1252
[DEBUG] sun.management.compiler: HotSpot 64-Bit Tiered Compilers
[DEBUG] sun.os.patch.level: 
[DEBUG] test: OAuth2UserServiceImplTest
[DEBUG] testcontainers.version: 1.19.3
[DEBUG] thymeleaf-extras-data-attribute.version: 2.0.1
[DEBUG] thymeleaf-extras-springsecurity.version: 3.1.2.RELEASE
[DEBUG] thymeleaf-layout-dialect.version: 3.3.0
[DEBUG] thymeleaf.version: 3.1.2.RELEASE
[DEBUG] tomcat.version: 10.1.18
[DEBUG] trimStackTrace: false
[DEBUG] unboundid-ldapsdk.version: 6.0.11
[DEBUG] undertow.version: 2.3.10.Final
[DEBUG] user.country: US
[DEBUG] user.country.format: GH
[DEBUG] user.dir: C:\Users\AndyKwasiDebrah\IdeaProjects\SmartBloggingPlatform
[DEBUG] user.home: C:\Users\AndyKwasiDebrah
[DEBUG] user.language: en
[DEBUG] user.name: AndyKwasiDebrah
[DEBUG] user.script: 
[DEBUG] user.variant: 
[DEBUG] versions-maven-plugin.version: 2.16.2
[DEBUG] webjars-locator-core.version: 0.55
[DEBUG] wsdl4j.version: 1.6.3
[DEBUG] xml-maven-plugin.version: 1.1.0
[DEBUG] xmlunit2.version: 2.9.1
[DEBUG] yasson.version: 3.0.3
[DEBUG] Using 'UTF-8' encoding to copy filtered resources.
[DEBUG] Using 'UTF-8' encoding to copy filtered properties files.
[DEBUG] resource with targetPath null
directory C:\Users\AndyKwasiDebrah\IdeaProjects\SmartBloggingPlatform\src\main\resources
excludes []
includes [**/application*.yml, **/application*.yaml, **/application*.properties]
[DEBUG] ignoreDelta true
[INFO] Copying 6 resources from src\main\resources to target\classes
[DEBUG] Copying file application-dev.properties
[DEBUG] file application-dev.properties has a filtered file extension
[DEBUG] Using 'UTF-8' encoding to copy filtered resource 'application-dev.properties'.
[DEBUG] filtering C:\Users\AndyKwasiDebrah\IdeaProjects\SmartBloggingPlatform\src\main\resources\application-dev.properties to C:\Users\AndyKwasiDebrah\IdeaProjects\SmartBloggingPlatform\target\classes\application-dev.properties
[DEBUG] Copying file application-local.properties
[DEBUG] file application-local.properties has a filtered file extension
[DEBUG] Using 'UTF-8' encoding to copy filtered resource 'application-local.properties'.
[DEBUG] filtering C:\Users\AndyKwasiDebrah\IdeaProjects\SmartBloggingPlatform\src\main\resources\application-local.properties to C:\Users\AndyKwasiDebrah\IdeaProjects\SmartBloggingPlatform\target\classes\application-local.properties
[DEBUG] Copying file application-prod.properties
[DEBUG] file application-prod.properties has a filtered file extension
[DEBUG] Using 'UTF-8' encoding to copy filtered resource 'application-prod.properties'.
[DEBUG] filtering C:\Users\AndyKwasiDebrah\IdeaProjects\SmartBloggingPlatform\src\main\resources\application-prod.properties to C:\Users\AndyKwasiDebrah\IdeaProjects\SmartBloggingPlatform\target\classes\application-prod.properties
[DEBUG] Copying file application-redis.properties
[DEBUG] file application-redis.properties has a filtered file extension
[DEBUG] Using 'UTF-8' encoding to copy filtered resource 'application-redis.properties'.
[DEBUG] filtering C:\Users\AndyKwasiDebrah\IdeaProjects\SmartBloggingPlatform\src\main\resources\application-redis.properties to C:\Users\AndyKwasiDebrah\IdeaProjects\SmartBloggingPlatform\target\classes\application-redis.properties
[DEBUG] Copying file application-test.properties
[DEBUG] file application-test.properties has a filtered file extension
[DEBUG] Using 'UTF-8' encoding to copy filtered resource 'application-test.properties'.
[DEBUG] filtering C:\Users\AndyKwasiDebrah\IdeaProjects\SmartBloggingPlatform\src\main\resources\application-test.properties to C:\Users\AndyKwasiDebrah\IdeaProjects\SmartBloggingPlatform\target\classes\application-test.properties
[DEBUG] Copying file application.properties
[DEBUG] file application.properties has a filtered file extension
[DEBUG] Using 'UTF-8' encoding to copy filtered resource 'application.properties'.
[DEBUG] filtering C:\Users\AndyKwasiDebrah\IdeaProjects\SmartBloggingPlatform\src\main\resources\application.properties to C:\Users\AndyKwasiDebrah\IdeaProjects\SmartBloggingPlatform\target\classes\application.properties
[DEBUG] resource with targetPath null
directory C:\Users\AndyKwasiDebrah\IdeaProjects\SmartBloggingPlatform\src\main\resources
excludes [**/application*.yml, **/application*.yaml, **/application*.properties]
includes []
[DEBUG] ignoreDelta true
[INFO] Copying 9 resources from src\main\resources to target\classes
[DEBUG] Copying file db\migration\V1__init.sql
[DEBUG] file V1__init.sql has a filtered file extension
[DEBUG] Using 'UTF-8' encoding to copy filtered resource 'V1__init.sql'.
[DEBUG] copy C:\Users\AndyKwasiDebrah\IdeaProjects\SmartBloggingPlatform\src\main\resources\db\migration\V1__init.sql to C:\Users\AndyKwasiDebrah\IdeaProjects\SmartBloggingPlatform\target\classes\db\migration\V1__init.sql
[DEBUG] Copying file db\migration\V2__performance_indexes.sql
[DEBUG] file V2__performance_indexes.sql has a filtered file extension
[DEBUG] Using 'UTF-8' encoding to copy filtered resource 'V2__performance_indexes.sql'.
[DEBUG] copy C:\Users\AndyKwasiDebrah\IdeaProjects\SmartBloggingPlatform\src\main\resources\db\migration\V2__performance_indexes.sql to C:\Users\AndyKwasiDebrah\IdeaProjects\SmartBloggingPlatform\target\classes\db\migration\V2__performance_indexes.sql
[DEBUG] Copying file db\migration\V3__fulltext_search_index.sql
[DEBUG] file V3__fulltext_search_index.sql has a filtered file extension
[DEBUG] Using 'UTF-8' encoding to copy filtered resource 'V3__fulltext_search_index.sql'.
[DEBUG] copy C:\Users\AndyKwasiDebrah\IdeaProjects\SmartBloggingPlatform\src\main\resources\db\migration\V3__fulltext_search_index.sql to C:\Users\AndyKwasiDebrah\IdeaProjects\SmartBloggingPlatform\target\classes\db\migration\V3__fulltext_search_index.sql
[DEBUG] Copying file db\migration\V4__create_reviews_table.sql
[DEBUG] file V4__create_reviews_table.sql has a filtered file extension
[DEBUG] Using 'UTF-8' encoding to copy filtered resource 'V4__create_reviews_table.sql'.
[DEBUG] copy C:\Users\AndyKwasiDebrah\IdeaProjects\SmartBloggingPlatform\src\main\resources\db\migration\V4__create_reviews_table.sql to C:\Users\AndyKwasiDebrah\IdeaProjects\SmartBloggingPlatform\target\classes\db\migration\V4__create_reviews_table.sql
[DEBUG] Copying file db\migration\V5__add_user_profile_fields.sql
[DEBUG] file V5__add_user_profile_fields.sql has a filtered file extension
[DEBUG] Using 'UTF-8' encoding to copy filtered resource 'V5__add_user_profile_fields.sql'.
[DEBUG] copy C:\Users\AndyKwasiDebrah\IdeaProjects\SmartBloggingPlatform\src\main\resources\db\migration\V5__add_user_profile_fields.sql to C:\Users\AndyKwasiDebrah\IdeaProjects\SmartBloggingPlatform\target\classes\db\migration\V5__add_user_profile_fields.sql
[DEBUG] Copying file db\migration\V6__add_tag_description.sql
[DEBUG] file V6__add_tag_description.sql has a filtered file extension
[DEBUG] Using 'UTF-8' encoding to copy filtered resource 'V6__add_tag_description.sql'.
[DEBUG] copy C:\Users\AndyKwasiDebrah\IdeaProjects\SmartBloggingPlatform\src\main\resources\db\migration\V6__add_tag_description.sql to C:\Users\AndyKwasiDebrah\IdeaProjects\SmartBloggingPlatform\target\classes\db\migration\V6__add_tag_description.sql
[DEBUG] Copying file db\migration\V7__add_fulltext_and_indexes.sql
[DEBUG] file V7__add_fulltext_and_indexes.sql has a filtered file extension
[DEBUG] Using 'UTF-8' encoding to copy filtered resource 'V7__add_fulltext_and_indexes.sql'.
[DEBUG] copy C:\Users\AndyKwasiDebrah\IdeaProjects\SmartBloggingPlatform\src\main\resources\db\migration\V7__add_fulltext_and_indexes.sql to C:\Users\AndyKwasiDebrah\IdeaProjects\SmartBloggingPlatform\target\classes\db\migration\V7__add_fulltext_and_indexes.sql
[DEBUG] Copying file graphql\schema.graphqls
[DEBUG] file schema.graphqls has a filtered file extension
[DEBUG] Using 'UTF-8' encoding to copy filtered resource 'schema.graphqls'.
[DEBUG] copy C:\Users\AndyKwasiDebrah\IdeaProjects\SmartBloggingPlatform\src\main\resources\graphql\schema.graphqls to C:\Users\AndyKwasiDebrah\IdeaProjects\SmartBloggingPlatform\target\classes\graphql\schema.graphqls
[DEBUG] Copying file static\favicon.ico
[DEBUG] file favicon.ico has a non filtered file extension
[DEBUG] Using 'UTF-8' encoding to copy filtered resource 'favicon.ico'.
[DEBUG] copy C:\Users\AndyKwasiDebrah\IdeaProjects\SmartBloggingPlatform\src\main\resources\static\favicon.ico to C:\Users\AndyKwasiDebrah\IdeaProjects\SmartBloggingPlatform\target\classes\static\favicon.ico
[DEBUG] no user filter components
[INFO] 
[INFO] --- compiler:3.13.0:compile (default-compile) @ SmartBloggingPlatform ---
[DEBUG] Dependency collection stats {ConflictMarker.analyzeTime=106700, ConflictMarker.markTime=41100, ConflictMarker.nodeCount=22, ConflictIdSorter.graphTime=46000, ConflictIdSorter.topsortTime=26100, ConflictIdSorter.conflictIdCount=14, ConflictIdSorter.conflictIdCycleCount=0, ConflictResolver.totalTime=588100, ConflictResolver.conflictItemCount=22, DfDependencyCollector.collectTime=55001300, DfDependencyCollector.transformTime=841800}
[DEBUG] org.apache.maven.plugins:maven-compiler-plugin:jar:3.13.0
[DEBUG]    org.apache.maven.shared:maven-shared-utils:jar:3.4.2:compile
[DEBUG]       org.slf4j:slf4j-api:jar:1.7.36:compile
[DEBUG]       commons-io:commons-io:jar:2.11.0:compile
[DEBUG]    org.apache.maven.shared:maven-shared-incremental:jar:1.1:compile
[DEBUG]    org.codehaus.plexus:plexus-java:jar:1.2.0:compile
[DEBUG]       org.ow2.asm:asm:jar:9.6:compile
[DEBUG]       com.thoughtworks.qdox:qdox:jar:2.0.3:compile
[DEBUG]    org.codehaus.plexus:plexus-compiler-api:jar:2.15.0:compile
[DEBUG]    org.codehaus.plexus:plexus-compiler-manager:jar:2.15.0:compile
[DEBUG]       javax.inject:javax.inject:jar:1:compile
[DEBUG]       org.codehaus.plexus:plexus-xml:jar:3.0.0:compile (version managed from default)
[DEBUG]    org.codehaus.plexus:plexus-compiler-javac:jar:2.15.0:runtime
[DEBUG]    org.codehaus.plexus:plexus-utils:jar:4.0.0:compile
[DEBUG] Created new class realm plugin>org.apache.maven.plugins:maven-compiler-plugin:3.13.0
[DEBUG] Importing foreign packages into class realm plugin>org.apache.maven.plugins:maven-compiler-plugin:3.13.0
[DEBUG]   Imported:  < maven.api
[DEBUG] Populating class realm plugin>org.apache.maven.plugins:maven-compiler-plugin:3.13.0
[DEBUG]   Included: org.apache.maven.plugins:maven-compiler-plugin:jar:3.13.0
[DEBUG]   Included: org.apache.maven.shared:maven-shared-utils:jar:3.4.2
[DEBUG]   Included: commons-io:commons-io:jar:2.11.0
[DEBUG]   Included: org.apache.maven.shared:maven-shared-incremental:jar:1.1
[DEBUG]   Included: org.codehaus.plexus:plexus-java:jar:1.2.0
[DEBUG]   Included: org.ow2.asm:asm:jar:9.6
[DEBUG]   Included: com.thoughtworks.qdox:qdox:jar:2.0.3
[DEBUG]   Included: org.codehaus.plexus:plexus-compiler-api:jar:2.15.0
[DEBUG]   Included: org.codehaus.plexus:plexus-compiler-manager:jar:2.15.0
[DEBUG]   Included: org.codehaus.plexus:plexus-xml:jar:3.0.0
[DEBUG]   Included: org.codehaus.plexus:plexus-compiler-javac:jar:2.15.0
[DEBUG]   Included: org.codehaus.plexus:plexus-utils:jar:4.0.0
[DEBUG] Loading mojo org.apache.maven.plugins:maven-compiler-plugin:3.13.0:compile from plugin realm ClassRealm[plugin>org.apache.maven.plugins:maven-compiler-plugin:3.13.0, parent: jdk.internal.loader.ClassLoaders$AppClassLoader@5bc2b487]
[DEBUG] Configuring mojo execution 'org.apache.maven.plugins:maven-compiler-plugin:3.13.0:compile:default-compile' with basic configurator -->
[DEBUG]   (s) groupId = org.projectlombok
[DEBUG]   (s) artifactId = lombok
[DEBUG]   (s) version = 1.18.38
[DEBUG]   (f) annotationProcessorPaths = [org.projectlombok:lombok:1.18.38.jar]
[DEBUG]   (f) annotationProcessorPathsUseDepMgmt = false
[DEBUG]   (f) basedir = C:\Users\AndyKwasiDebrah\IdeaProjects\SmartBloggingPlatform
[DEBUG]   (f) buildDirectory = C:\Users\AndyKwasiDebrah\IdeaProjects\SmartBloggingPlatform\target
[DEBUG]   (f) compilePath = [C:\Users\AndyKwasiDebrah\IdeaProjects\SmartBloggingPlatform\target\classes, C:\Users\AndyKwasiDebrah\.m2\repository\org\springframework\boot\spring-boot-starter-web\3.2.2\spring-boot-starter-web-3.2.2.jar, C:\Users\AndyKwasiDebrah\.m2\repository\org\springframework\boot\spring-boot-starter\3.2.2\spring-boot-starter-3.2.2.jar, C:\Users\AndyKwasiDebrah\.m2\repository\org\springframework\boot\spring-boot-starter-logging\3.2.2\spring-boot-starter-logging-3.2.2.jar, C:\Users\AndyKwasiDebrah\.m2\repository\ch\qos\logback\logback-classic\1.4.14\logback-classic-1.4.14.jar, C:\Users\AndyKwasiDebrah\.m2\repository\ch\qos\logback\logback-core\1.4.14\logback-core-1.4.14.jar, C:\Users\AndyKwasiDebrah\.m2\repository\org\apache\logging\log4j\log4j-to-slf4j\2.21.1\log4j-to-slf4j-2.21.1.jar, C:\Users\AndyKwasiDebrah\.m2\repository\org\apache\logging\log4j\log4j-api\2.21.1\log4j-api-2.21.1.jar, C:\Users\AndyKwasiDebrah\.m2\repository\org\slf4j\jul-to-slf4j\2.0.11\jul-to-slf4j-2.0.11.jar, C:\Users\AndyKwasiDebrah\.m2\repository\jakarta\annotation\jakarta.annotation-api\2.1.1\jakarta.annotation-api-2.1.1.jar, C:\Users\AndyKwasiDebrah\.m2\repository\org\yaml\snakeyaml\2.2\snakeyaml-2.2.jar, C:\Users\AndyKwasiDebrah\.m2\repository\org\springframework\boot\spring-boot-starter-json\3.2.2\spring-boot-starter-json-3.2.2.jar, C:\Users\AndyKwasiDebrah\.m2\repository\com\fasterxml\jackson\datatype\jackson-datatype-jdk8\2.15.3\jackson-datatype-jdk8-2.15.3.jar, C:\Users\AndyKwasiDebrah\.m2\repository\com\fasterxml\jackson\datatype\jackson-datatype-jsr310\2.15.3\jackson-datatype-jsr310-2.15.3.jar, C:\Users\AndyKwasiDebrah\.m2\repository\com\fasterxml\jackson\module\jackson-module-parameter-names\2.15.3\jackson-module-parameter-names-2.15.3.jar, C:\Users\AndyKwasiDebrah\.m2\repository\org\springframework\boot\spring-boot-starter-tomcat\3.2.2\spring-boot-starter-tomcat-3.2.2.jar, C:\Users\AndyKwasiDebrah\.m2\repository\org\apache\tomcat\embed\tomcat-embed-core\10.1.18\tomcat-embed-core-10.1.18.jar, C:\Users\AndyKwasiDebrah\.m2\repository\org\apache\tomcat\embed\tomcat-embed-websocket\10.1.18\tomcat-embed-websocket-10.1.18.jar, C:\Users\AndyKwasiDebrah\.m2\repository\org\springframework\spring-web\6.1.3\spring-web-6.1.3.jar, C:\Users\AndyKwasiDebrah\.m2\repository\org\springframework\spring-beans\6.1.3\spring-beans-6.1.3.jar, C:\Users\AndyKwasiDebrah\.m2\repository\io\micrometer\micrometer-observation\1.12.2\micrometer-observation-1.12.2.jar, C:\Users\AndyKwasiDebrah\.m2\repository\io\micrometer\micrometer-commons\1.12.2\micrometer-commons-1.12.2.jar, C:\Users\AndyKwasiDebrah\.m2\repository\org\springframework\spring-webmvc\6.1.3\spring-webmvc-6.1.3.jar, C:\Users\AndyKwasiDebrah\.m2\repository\org\springframework\spring-expression\6.1.3\spring-expression-6.1.3.jar, C:\Users\AndyKwasiDebrah\.m2\repository\org\springframework\boot\spring-boot-starter-data-jpa\3.2.2\spring-boot-starter-data-jpa-3.2.2.jar, C:\Users\AndyKwasiDebrah\.m2\repository\org\springframework\boot\spring-boot-starter-jdbc\3.2.2\spring-boot-starter-jdbc-3.2.2.jar, C:\Users\AndyKwasiDebrah\.m2\repository\com\zaxxer\HikariCP\5.0.1\HikariCP-5.0.1.jar, C:\Users\AndyKwasiDebrah\.m2\repository\org\springframework\spring-jdbc\6.1.3\spring-jdbc-6.1.3.jar, C:\Users\AndyKwasiDebrah\.m2\repository\org\hibernate\orm\hibernate-core\6.4.1.Final\hibernate-core-6.4.1.Final.jar, C:\Users\AndyKwasiDebrah\.m2\repository\jakarta\persistence\jakarta.persistence-api\3.1.0\jakarta.persistence-api-3.1.0.jar, C:\Users\AndyKwasiDebrah\.m2\repository\jakarta\transaction\jakarta.transaction-api\2.0.1\jakarta.transaction-api-2.0.1.jar, C:\Users\AndyKwasiDebrah\.m2\repository\org\jboss\logging\jboss-logging\3.5.3.Final\jboss-logging-3.5.3.Final.jar, C:\Users\AndyKwasiDebrah\.m2\repository\com\fasterxml\classmate\1.6.0\classmate-1.6.0.jar, C:\Users\AndyKwasiDebrah\.m2\repository\org\antlr\antlr4-runtime\4.13.0\antlr4-runtime-4.13.0.jar, C:\Users\AndyKwasiDebrah\.m2\repository\org\springframework\data\spring-data-jpa\3.2.2\spring-data-jpa-3.2.2.jar, C:\Users\AndyKwasiDebrah\.m2\repository\org\springframework\data\spring-data-commons\3.2.2\spring-data-commons-3.2.2.jar, C:\Users\AndyKwasiDebrah\.m2\repository\org\springframework\spring-orm\6.1.3\spring-orm-6.1.3.jar, C:\Users\AndyKwasiDebrah\.m2\repository\org\springframework\spring-tx\6.1.3\spring-tx-6.1.3.jar, C:\Users\AndyKwasiDebrah\.m2\repository\org\slf4j\slf4j-api\2.0.11\slf4j-api-2.0.11.jar, C:\Users\AndyKwasiDebrah\.m2\repository\org\springframework\spring-aspects\6.1.3\spring-aspects-6.1.3.jar, C:\Users\AndyKwasiDebrah\.m2\repository\org\springframework\boot\spring-boot-starter-validation\3.2.2\spring-boot-starter-validation-3.2.2.jar, C:\Users\AndyKwasiDebrah\.m2\repository\org\apache\tomcat\embed\tomcat-embed-el\10.1.18\tomcat-embed-el-10.1.18.jar, C:\Users\AndyKwasiDebrah\.m2\repository\org\hibernate\validator\hibernate-validator\8.0.1.Final\hibernate-validator-8.0.1.Final.jar, C:\Users\AndyKwasiDebrah\.m2\repository\jakarta\validation\jakarta.validation-api\3.0.2\jakarta.validation-api-3.0.2.jar, C:\Users\AndyKwasiDebrah\.m2\repository\org\springframework\boot\spring-boot-starter-cache\3.2.2\spring-boot-starter-cache-3.2.2.jar, C:\Users\AndyKwasiDebrah\.m2\repository\org\springframework\spring-context-support\6.1.3\spring-context-support-6.1.3.jar, C:\Users\AndyKwasiDebrah\.m2\repository\org\springdoc\springdoc-openapi-starter-webmvc-ui\2.3.0\springdoc-openapi-starter-webmvc-ui-2.3.0.jar, C:\Users\AndyKwasiDebrah\.m2\repository\org\springdoc\springdoc-openapi-starter-webmvc-api\2.3.0\springdoc-openapi-starter-webmvc-api-2.3.0.jar, C:\Users\AndyKwasiDebrah\.m2\repository\org\springdoc\springdoc-openapi-starter-common\2.3.0\springdoc-openapi-starter-common-2.3.0.jar, C:\Users\AndyKwasiDebrah\.m2\repository\io\swagger\core\v3\swagger-core-jakarta\2.2.19\swagger-core-jakarta-2.2.19.jar, C:\Users\AndyKwasiDebrah\.m2\repository\io\swagger\core\v3\swagger-annotations-jakarta\2.2.19\swagger-annotations-jakarta-2.2.19.jar, C:\Users\AndyKwasiDebrah\.m2\repository\io\swagger\core\v3\swagger-models-jakarta\2.2.19\swagger-models-jakarta-2.2.19.jar, C:\Users\AndyKwasiDebrah\.m2\repository\com\fasterxml\jackson\dataformat\jackson-dataformat-yaml\2.15.3\jackson-dataformat-yaml-2.15.3.jar, C:\Users\AndyKwasiDebrah\.m2\repository\org\webjars\swagger-ui\5.10.3\swagger-ui-5.10.3.jar, C:\Users\AndyKwasiDebrah\.m2\repository\org\flywaydb\flyway-core\9.22.3\flyway-core-9.22.3.jar, C:\Users\AndyKwasiDebrah\.m2\repository\com\fasterxml\jackson\dataformat\jackson-dataformat-toml\2.15.3\jackson-dataformat-toml-2.15.3.jar, C:\Users\AndyKwasiDebrah\.m2\repository\com\fasterxml\jackson\core\jackson-core\2.15.3\jackson-core-2.15.3.jar, C:\Users\AndyKwasiDebrah\.m2\repository\com\google\code\gson\gson\2.10.1\gson-2.10.1.jar, C:\Users\AndyKwasiDebrah\.m2\repository\org\flywaydb\flyway-mysql\9.22.3\flyway-mysql-9.22.3.jar, C:\Users\AndyKwasiDebrah\.m2\repository\org\projectlombok\lombok\1.18.38\lombok-1.18.38.jar, C:\Users\AndyKwasiDebrah\.m2\repository\org\mindrot\jbcrypt\0.4\jbcrypt-0.4.jar, C:\Users\AndyKwasiDebrah\.m2\repository\com\github\ben-manes\caffeine\caffeine\3.1.8\caffeine-3.1.8.jar, C:\Users\AndyKwasiDebrah\.m2\repository\org\checkerframework\checker-qual\3.37.0\checker-qual-3.37.0.jar, C:\Users\AndyKwasiDebrah\.m2\repository\com\google\errorprone\error_prone_annotations\2.21.1\error_prone_annotations-2.21.1.jar, C:\Users\AndyKwasiDebrah\.m2\repository\org\springframework\boot\spring-boot-starter-graphql\3.2.2\spring-boot-starter-graphql-3.2.2.jar, C:\Users\AndyKwasiDebrah\.m2\repository\org\springframework\graphql\spring-graphql\1.2.4\spring-graphql-1.2.4.jar, C:\Users\AndyKwasiDebrah\.m2\repository\org\springframework\boot\spring-boot-starter-data-redis\3.2.2\spring-boot-starter-data-redis-3.2.2.jar, C:\Users\AndyKwasiDebrah\.m2\repository\io\lettuce\lettuce-core\6.3.1.RELEASE\lettuce-core-6.3.1.RELEASE.jar, C:\Users\AndyKwasiDebrah\.m2\repository\io\netty\netty-common\4.1.105.Final\netty-common-4.1.105.Final.jar, C:\Users\AndyKwasiDebrah\.m2\repository\io\netty\netty-handler\4.1.105.Final\netty-handler-4.1.105.Final.jar, C:\Users\AndyKwasiDebrah\.m2\repository\io\netty\netty-resolver\4.1.105.Final\netty-resolver-4.1.105.Final.jar, C:\Users\AndyKwasiDebrah\.m2\repository\io\netty\netty-buffer\4.1.105.Final\netty-buffer-4.1.105.Final.jar, C:\Users\AndyKwasiDebrah\.m2\repository\io\netty\netty-transport-native-unix-common\4.1.105.Final\netty-transport-native-unix-common-4.1.105.Final.jar, C:\Users\AndyKwasiDebrah\.m2\repository\io\netty\netty-codec\4.1.105.Final\netty-codec-4.1.105.Final.jar, C:\Users\AndyKwasiDebrah\.m2\repository\io\netty\netty-transport\4.1.105.Final\netty-transport-4.1.105.Final.jar, C:\Users\AndyKwasiDebrah\.m2\repository\org\springframework\data\spring-data-redis\3.2.2\spring-data-redis-3.2.2.jar, C:\Users\AndyKwasiDebrah\.m2\repository\org\springframework\data\spring-data-keyvalue\3.2.2\spring-data-keyvalue-3.2.2.jar, C:\Users\AndyKwasiDebrah\.m2\repository\org\springframework\spring-oxm\6.1.3\spring-oxm-6.1.3.jar, C:\Users\AndyKwasiDebrah\.m2\repository\org\mongodb\mongodb-driver-sync\4.11.1\mongodb-driver-sync-4.11.1.jar, C:\Users\AndyKwasiDebrah\.m2\repository\org\mongodb\bson\4.11.1\bson-4.11.1.jar, C:\Users\AndyKwasiDebrah\.m2\repository\org\mongodb\mongodb-driver-core\4.11.1\mongodb-driver-core-4.11.1.jar, C:\Users\AndyKwasiDebrah\.m2\repository\org\springframework\boot\spring-boot\3.2.2\spring-boot-3.2.2.jar, C:\Users\AndyKwasiDebrah\.m2\repository\org\springframework\boot\spring-boot-autoconfigure\3.2.2\spring-boot-autoconfigure-3.2.2.jar, C:\Users\AndyKwasiDebrah\.m2\repository\org\springframework\boot\spring-boot-starter-security\3.2.2\spring-boot-starter-security-3.2.2.jar, C:\Users\AndyKwasiDebrah\.m2\repository\org\springframework\spring-aop\6.1.3\spring-aop-6.1.3.jar, C:\Users\AndyKwasiDebrah\.m2\repository\org\springframework\security\spring-security-config\6.2.1\spring-security-config-6.2.1.jar, C:\Users\AndyKwasiDebrah\.m2\repository\org\springframework\security\spring-security-web\6.2.1\spring-security-web-6.2.1.jar, C:\Users\AndyKwasiDebrah\.m2\repository\org\springframework\boot\spring-boot-starter-oauth2-client\3.2.2\spring-boot-starter-oauth2-client-3.2.2.jar, C:\Users\AndyKwasiDebrah\.m2\repository\org\springframework\security\spring-security-core\6.2.1\spring-security-core-6.2.1.jar, C:\Users\AndyKwasiDebrah\.m2\repository\org\springframework\security\spring-security-crypto\6.2.1\spring-security-crypto-6.2.1.jar, C:\Users\AndyKwasiDebrah\.m2\repository\org\springframework\security\spring-security-oauth2-client\6.2.1\spring-security-oauth2-client-6.2.1.jar, C:\Users\AndyKwasiDebrah\.m2\repository\com\nimbusds\oauth2-oidc-sdk\9.43.3\oauth2-oidc-sdk-9.43.3.jar, C:\Users\AndyKwasiDebrah\.m2\repository\com\nimbusds\content-type\2.2\content-type-2.2.jar, C:\Users\AndyKwasiDebrah\.m2\repository\com\nimbusds\lang-tag\1.7\lang-tag-1.7.jar, C:\Users\AndyKwasiDebrah\.m2\repository\org\springframework\security\spring-security-oauth2-jose\6.2.1\spring-security-oauth2-jose-6.2.1.jar, C:\Users\AndyKwasiDebrah\.m2\repository\org\springframework\security\spring-security-oauth2-core\6.2.1\spring-security-oauth2-core-6.2.1.jar, C:\Users\AndyKwasiDebrah\.m2\repository\org\springframework\spring-core\6.1.3\spring-core-6.1.3.jar, C:\Users\AndyKwasiDebrah\.m2\repository\org\springframework\spring-jcl\6.1.3\spring-jcl-6.1.3.jar, C:\Users\AndyKwasiDebrah\.m2\repository\com\nimbusds\nimbus-jose-jwt\9.24.4\nimbus-jose-jwt-9.24.4.jar, C:\Users\AndyKwasiDebrah\.m2\repository\com\github\stephenc\jcip\jcip-annotations\1.0-1\jcip-annotations-1.0-1.jar, C:\Users\AndyKwasiDebrah\.m2\repository\io\jsonwebtoken\jjwt-api\0.11.5\jjwt-api-0.11.5.jar, C:\Users\AndyKwasiDebrah\.m2\repository\com\fasterxml\jackson\core\jackson-databind\2.15.3\jackson-databind-2.15.3.jar, C:\Users\AndyKwasiDebrah\.m2\repository\com\fasterxml\jackson\core\jackson-annotations\2.15.3\jackson-annotations-2.15.3.jar, C:\Users\AndyKwasiDebrah\.m2\repository\jakarta\xml\bind\jakarta.xml.bind-api\4.0.1\jakarta.xml.bind-api-4.0.1.jar, C:\Users\AndyKwasiDebrah\.m2\repository\jakarta\activation\jakarta.activation-api\2.1.2\jakarta.activation-api-2.1.2.jar, C:\Users\AndyKwasiDebrah\.m2\repository\net\minidev\json-smart\2.5.0\json-smart-2.5.0.jar, C:\Users\AndyKwasiDebrah\.m2\repository\net\minidev\accessors-smart\2.5.0\accessors-smart-2.5.0.jar, C:\Users\AndyKwasiDebrah\.m2\repository\org\ow2\asm\asm\9.3\asm-9.3.jar, C:\Users\AndyKwasiDebrah\.m2\repository\com\graphql-java\graphql-java\21.3\graphql-java-21.3.jar, C:\Users\AndyKwasiDebrah\.m2\repository\com\graphql-java\java-dataloader\3.2.1\java-dataloader-3.2.1.jar, C:\Users\AndyKwasiDebrah\.m2\repository\org\reactivestreams\reactive-streams\1.0.4\reactive-streams-1.0.4.jar, C:\Users\AndyKwasiDebrah\.m2\repository\io\projectreactor\reactor-core\3.6.2\reactor-core-3.6.2.jar, C:\Users\AndyKwasiDebrah\.m2\repository\org\springframework\spring-context\6.1.3\spring-context-6.1.3.jar, C:\Users\AndyKwasiDebrah\.m2\repository\org\apache\commons\commons-lang3\3.13.0\commons-lang3-3.13.0.jar, C:\Users\AndyKwasiDebrah\.m2\repository\org\springframework\boot\spring-boot-starter-aop\3.2.2\spring-boot-starter-aop-3.2.2.jar, C:\Users\AndyKwasiDebrah\.m2\repository\org\aspectj\aspectjweaver\1.9.21\aspectjweaver-1.9.21.jar]
[DEBUG]   (f) compileSourceRoots = [C:\Users\AndyKwasiDebrah\IdeaProjects\SmartBloggingPlatform\src\main\java]
[DEBUG]   (f) compilerArgs = [-parameters, -J--add-opens=jdk.compiler/com.sun.tools.javac.code=ALL-UNNAMED, -J--add-opens=jdk.compiler/com.sun.tools.javac.comp=ALL-UNNAMED, -J--add-opens=jdk.compiler/com.sun.tools.javac.file=ALL-UNNAMED, -J--add-opens=jdk.compiler/com.sun.tools.javac.main=ALL-UNNAMED, -J--add-opens=jdk.compiler/com.sun.tools.javac.model=ALL-UNNAMED, -J--add-opens=jdk.compiler/com.sun.tools.javac.parser=ALL-UNNAMED, -J--add-opens=jdk.compiler/com.sun.tools.javac.processing=ALL-UNNAMED, -J--add-opens=jdk.compiler/com.sun.tools.javac.tree=ALL-UNNAMED, -J--add-opens=jdk.compiler/com.sun.tools.javac.util=ALL-UNNAMED, -J--add-opens=jdk.compiler/com.sun.tools.javac.jvm=ALL-UNNAMED]
[DEBUG]   (f) compilerId = javac
[DEBUG]   (f) createMissingPackageInfoClass = true
[DEBUG]   (f) debug = true
[DEBUG]   (f) debugFileName = javac
[DEBUG]   (f) enablePreview = false
[DEBUG]   (f) encoding = UTF-8
[DEBUG]   (f) excludes = [**/ui/themes/**/*.java, **/ui/components/**/*.java, **/bootstrap/**/*.java, **/ui/**/*.java, **/infrastructure/nosql/**/*.java, **/infrastructure/migration/**/*.java, **/ui/navigation/**/*.java, **/ui/view/**/*.java]
[DEBUG]   (f) failOnError = true
[DEBUG]   (f) failOnWarning = false
[DEBUG]   (f) fileExtensions = [jar, class]
[DEBUG]   (f) forceJavacCompilerUse = false
[DEBUG]   (f) forceLegacyJavacApi = false
[DEBUG]   (f) fork = true
[DEBUG]   (f) generatedSourcesDirectory = C:\Users\AndyKwasiDebrah\IdeaProjects\SmartBloggingPlatform\target\generated-sources\annotations
[DEBUG]   (f) maxmem = 1024m
[DEBUG]   (f) meminitial = 128m
[DEBUG]   (f) mojoExecution = org.apache.maven.plugins:maven-compiler-plugin:3.13.0:compile {execution: default-compile}
[DEBUG]   (f) optimize = false
[DEBUG]   (f) outputDirectory = C:\Users\AndyKwasiDebrah\IdeaProjects\SmartBloggingPlatform\target\classes
[DEBUG]   (f) parameters = true
[DEBUG]   (f) project = MavenProject: com.smartblog:SmartBloggingPlatform:1.0-SNAPSHOT @ C:\Users\AndyKwasiDebrah\IdeaProjects\SmartBloggingPlatform\pom.xml
[DEBUG]   (f) projectArtifact = com.smartblog:SmartBloggingPlatform:jar:1.0-SNAPSHOT
[DEBUG]   (s) release = 21
[DEBUG]   (f) session = org.apache.maven.execution.MavenSession@5762658b
[DEBUG]   (f) showCompilationChanges = false
[DEBUG]   (f) showDeprecation = false
[DEBUG]   (f) showWarnings = true
[DEBUG]   (f) skipMultiThreadWarning = false
[DEBUG]   (f) source = 21
[DEBUG]   (f) staleMillis = 0
[DEBUG]   (s) target = 21
[DEBUG]   (f) useIncrementalCompilation = true
[DEBUG]   (f) verbose = false
[DEBUG] -- end configuration --
[DEBUG] Using compiler 'javac'.
[DEBUG] Adding C:\Users\AndyKwasiDebrah\IdeaProjects\SmartBloggingPlatform\target\generated-sources\annotations to compile source roots:
  C:\Users\AndyKwasiDebrah\IdeaProjects\SmartBloggingPlatform\src\main\java
[DEBUG] New compile source roots:
  C:\Users\AndyKwasiDebrah\IdeaProjects\SmartBloggingPlatform\src\main\java
  C:\Users\AndyKwasiDebrah\IdeaProjects\SmartBloggingPlatform\target\generated-sources\annotations
[DEBUG] Dependency collection stats {ConflictMarker.analyzeTime=37400, ConflictMarker.markTime=23700, ConflictMarker.nodeCount=2, ConflictIdSorter.graphTime=13100, ConflictIdSorter.topsortTime=11100, ConflictIdSorter.conflictIdCount=1, ConflictIdSorter.conflictIdCycleCount=0, ConflictResolver.totalTime=106800, ConflictResolver.conflictItemCount=1, DfDependencyCollector.collectTime=2509500, DfDependencyCollector.transformTime=213800}
[DEBUG] CompilerReuseStrategy: reuseCreated
[DEBUG] useIncrementalCompilation enabled
[INFO] Nothing to compile - all classes are up to date.
[INFO] 
[INFO] --- resources:3.3.1:testResources (default-testResources) @ SmartBloggingPlatform ---
[DEBUG] Loading mojo org.apache.maven.plugins:maven-resources-plugin:3.3.1:testResources from plugin realm ClassRealm[plugin>org.apache.maven.plugins:maven-resources-plugin:3.3.1, parent: jdk.internal.loader.ClassLoaders$AppClassLoader@5bc2b487]
[DEBUG] Configuring mojo execution 'org.apache.maven.plugins:maven-resources-plugin:3.3.1:testResources:default-testResources' with basic configurator -->
[DEBUG]   (f) addDefaultExcludes = true
[DEBUG]   (f) buildFilters = []
[DEBUG]   (s) delimiters = [@]
[DEBUG]   (f) encoding = UTF-8
[DEBUG]   (f) escapeWindowsPaths = true
[DEBUG]   (f) fileNameFiltering = false
[DEBUG]   (s) includeEmptyDirs = false
[DEBUG]   (s) outputDirectory = C:\Users\AndyKwasiDebrah\IdeaProjects\SmartBloggingPlatform\target\test-classes
[DEBUG]   (s) overwrite = false
[DEBUG]   (f) project = MavenProject: com.smartblog:SmartBloggingPlatform:1.0-SNAPSHOT @ C:\Users\AndyKwasiDebrah\IdeaProjects\SmartBloggingPlatform\pom.xml
[DEBUG]   (f) propertiesEncoding = UTF-8
[DEBUG]   (s) resources = [Resource {targetPath: null, filtering: false, FileSet {directory: C:\Users\AndyKwasiDebrah\IdeaProjects\SmartBloggingPlatform\src\test\resources, PatternSet [includes: {}, excludes: {}]}}]
[DEBUG]   (f) session = org.apache.maven.execution.MavenSession@5762658b
[DEBUG]   (f) skip = false
[DEBUG]   (f) supportMultiLineFiltering = false
[DEBUG]   (f) useBuildFilters = true
[DEBUG]   (s) useDefaultDelimiters = false
[DEBUG] -- end configuration --
[DEBUG] properties used:
[DEBUG] activemq.version: 5.18.3
[DEBUG] angus-mail.version: 2.0.2
[DEBUG] artemis.version: 2.31.2
[DEBUG] aspectj.version: 1.9.21
[DEBUG] assertj.version: 3.24.2
[DEBUG] awaitility.version: 4.2.0
[DEBUG] brave.version: 5.16.0
[DEBUG] build-helper-maven-plugin.version: 3.4.0
[DEBUG] byte-buddy.version: 1.14.11
[DEBUG] cache2k.version: 2.6.1.Final
[DEBUG] caffeine.version: 3.1.8
[DEBUG] cassandra-driver.version: 4.17.0
[DEBUG] classmate.version: 1.6.0
[DEBUG] classworlds.conf: C:\Users\AndyKwasiDebrah\AppData\Roaming\Code\User\globalStorage\pleiades.java-extension-pack-jdk\maven\latest\bin\m2.conf
[DEBUG] commons-codec.version: 1.16.0
[DEBUG] commons-dbcp2.version: 2.10.0
[DEBUG] commons-lang3.version: 3.13.0
[DEBUG] commons-pool.version: 1.6
[DEBUG] commons-pool2.version: 2.12.0
[DEBUG] couchbase-client.version: 3.4.11
[DEBUG] crac.version: 1.4.0
[DEBUG] db2-jdbc.version: 11.5.9.0
[DEBUG] dependency-management-plugin.version: 1.1.4
[DEBUG] derby.version: 10.16.1.1
[DEBUG] dropwizard-metrics.version: 4.2.23
[DEBUG] ehcache3.version: 3.10.8
[DEBUG] elasticsearch-client.version: 8.10.4
[DEBUG] env.=C:: C:\Users\AndyKwasiDebrah\IdeaProjects\SmartBloggingPlatform
[DEBUG] env.=EXITCODE: 00000000
[DEBUG] env.ALLUSERSPROFILE: C:\ProgramData
[DEBUG] env.APPDATA: C:\Users\AndyKwasiDebrah\AppData\Roaming
[DEBUG] env.CHOCOLATEYINSTALL: C:\ProgramData\chocolatey
[DEBUG] env.CHOCOLATEYLASTPATHUPDATE: 134132876158990375
[DEBUG] env.CHROME_CRASHPAD_PIPE_NAME: \\.\pipe\crashpad_21840_PXKILUSCOFMPVPAL
[DEBUG] env.CLASSWORLDS_JAR: "C:\Users\AndyKwasiDebrah\AppData\Roaming\Code\User\globalStorage\pleiades.java-extension-pack-jdk\maven\latest\boot\plexus-classworlds-2.9.0.jar"
[DEBUG] env.CLASSWORLDS_LAUNCHER: org.codehaus.plexus.classworlds.launcher.Launcher
[DEBUG] env.COLORTERM: truecolor
[DEBUG] env.COMMONPROGRAMFILES: C:\Program Files\Common Files
[DEBUG] env.COMMONPROGRAMFILES(X86): C:\Program Files (x86)\Common Files
[DEBUG] env.COMMONPROGRAMW6432: C:\Program Files\Common Files
[DEBUG] env.COMPUTERNAME: AMALITECH-PC-GH
[DEBUG] env.COMSPEC: C:\WINDOWS\system32\cmd.exe
[DEBUG] env.DRIVERDATA: C:\Windows\System32\Drivers\DriverData
[DEBUG] env.EFC_26072_1592913036: 1
[DEBUG] env.EFC_26072_344590478: 1
[DEBUG] env.ERROR_CODE: 0
[DEBUG] env.EXEC_DIR: C:\Users\AndyKwasiDebrah\IdeaProjects\SmartBloggingPlatform
[DEBUG] env.GIT_ASKPASS: c:\Users\AndyKwasiDebrah\AppData\Roaming\Code\User\globalStorage\vscode.git\askpass\2d0aa4fb4040936c\askpass.sh
[DEBUG] env.GIT_PAGER: cat
[DEBUG] env.GK_GL_ADDR: http://127.0.0.1:50284
[DEBUG] env.GK_GL_PATH: C:\Users\ANDYKW~1\AppData\Local\Temp\gitkraken\gitlens\gitlens-ipc-server-21840-50284.json
[DEBUG] env.HOMEDRIVE: C:
[DEBUG] env.HOMEPATH: \Users\AndyKwasiDebrah
[DEBUG] env.INTELLIJ IDEA COMMUNITY EDITION: C:\Program Files\JetBrains\IntelliJ IDEA Community Edition 2025.2.5\bin
[DEBUG] env.INTERNAL_MAVEN_OPTS: --enable-native-access=ALL-UNNAMED 
[DEBUG] env.JAVACMD: C:\Users\AndyKwasiDebrah\.jdks\openjdk-25.0.2\bin\java.exe
[DEBUG] env.JAVA_HOME: C:\Users\AndyKwasiDebrah\.jdks\openjdk-25.0.2
[DEBUG] env.JAVA_TOOL_OPTIONS: -Dstdout.encoding=UTF-8 -Dstderr.encoding=UTF-8
[DEBUG] env.JVMCONFIG: \.mvn\jvm.config
[DEBUG] env.LANG: en_US.UTF-8
[DEBUG] env.LOCALAPPDATA: C:\Users\AndyKwasiDebrah\AppData\Local
[DEBUG] env.LOGONSERVER: \\AMALITECH-PC-GH
[DEBUG] env.MAVEN_CMD_LINE_ARGS: -X -Dtest=OAuth2UserServiceImplTest test -DtrimStackTrace=false
[DEBUG] env.MAVEN_HOME: C:\Users\AndyKwasiDebrah\AppData\Roaming\Code\User\globalStorage\pleiades.java-extension-pack-jdk\maven\latest
[DEBUG] env.MAVEN_PROJECTBASEDIR: C:\Users\AndyKwasiDebrah\IdeaProjects\SmartBloggingPlatform
[DEBUG] env.NUMBER_OF_PROCESSORS: 8
[DEBUG] env.ONEDRIVE: C:\Users\AndyKwasiDebrah\OneDrive - AmaliTech gGmbH
[DEBUG] env.ONEDRIVECOMMERCIAL: C:\Users\AndyKwasiDebrah\OneDrive - AmaliTech gGmbH
[DEBUG] env.OS: Windows_NT
[DEBUG] env.PATH: c:\Users\AndyKwasiDebrah\AppData\Roaming\Code\User\globalStorage\github.copilot-chat\debugCommand;c:\Users\AndyKwasiDebrah\AppData\Roaming\Code\User\globalStorage\github.copilot-chat\copilotCli;C:\Users\AndyKwasiDebrah\AppData\Roaming\Code\User\globalStorage\pleiades.java-extension-pack-jdk\gradle\latest\bin;C:\Users\AndyKwasiDebrah\AppData\Roaming\Code\User\globalStorage\pleiades.java-extension-pack-jdk\maven\latest\bin;C:\Users\AndyKwasiDebrah\.jdks\openjdk-25.0.2\bin;C:\Program Files\Eclipse Adoptium\jdk-25.0.1.8-hotspot\bin;C:\WINDOWS\system32;C:\WINDOWS;C:\WINDOWS\System32\Wbem;C:\WINDOWS\System32\WindowsPowerShell\v1.0\;C:\WINDOWS\System32\OpenSSH\;C:\Program Files\Git\cmd;C:\Program Files\cursor\resources\app\bin;%MAVEN_HOME%\bin;;C:\ProgramData\chocolatey\bin;C:\ProgramData\chocolatey\lib\maven\apache-maven-3.9.11\bin;C:\Users\AndyKwasiDebrah\AppData\Local\Microsoft\WindowsApps;C:\Program Files\JetBrains\IntelliJ IDEA Community Edition 2025.2.5\bin;C:\Users\AndyKwasiDebrah\AppData\Local\Programs\Microsoft VS Code\bin;c:\Users\AndyKwasiDebrah\.vscode\extensions\vscjava.vscode-java-debug-0.58.5\bundled\scripts\noConfigScripts
[DEBUG] env.PATHEXT: .COM;.EXE;.BAT;.CMD;.VBS;.VBE;.JS;.JSE;.WSF;.WSH;.MSC
[DEBUG] env.PROCESSOR_ARCHITECTURE: AMD64
[DEBUG] env.PROCESSOR_IDENTIFIER: Intel64 Family 6 Model 140 Stepping 1, GenuineIntel
[DEBUG] env.PROCESSOR_LEVEL: 6
[DEBUG] env.PROCESSOR_REVISION: 8c01
[DEBUG] env.PROGRAMDATA: C:\ProgramData
[DEBUG] env.PROGRAMFILES: C:\Program Files
[DEBUG] env.PROGRAMFILES(X86): C:\Program Files (x86)
[DEBUG] env.PROGRAMW6432: C:\Program Files
[DEBUG] env.PROMPT: $P$G
[DEBUG] env.PSMODULEPATH: C:\Program Files\WindowsPowerShell\Modules;C:\WINDOWS\system32\WindowsPowerShell\v1.0\Modules
[DEBUG] env.PUBLIC: C:\Users\Public
[DEBUG] env.SESSIONNAME: Console
[DEBUG] env.SYSTEMDRIVE: C:
[DEBUG] env.SYSTEMROOT: C:\WINDOWS
[DEBUG] env.TEMP: C:\Users\ANDYKW~1\AppData\Local\Temp
[DEBUG] env.TERM_PROGRAM: vscode
[DEBUG] env.TERM_PROGRAM_VERSION: 1.109.5
[DEBUG] env.TMP: C:\Users\ANDYKW~1\AppData\Local\Temp
[DEBUG] env.USERDOMAIN: AzureAD
[DEBUG] env.USERDOMAIN_ROAMINGPROFILE: AzureAD
[DEBUG] env.USERNAME: AndyKwasiDebrah
[DEBUG] env.USERPROFILE: C:\Users\AndyKwasiDebrah
[DEBUG] env.VSCODE_GIT_ASKPASS_EXTRA_ARGS: 
[DEBUG] env.VSCODE_GIT_ASKPASS_MAIN: c:\Users\AndyKwasiDebrah\AppData\Roaming\Code\User\globalStorage\vscode.git\askpass\2d0aa4fb4040936c\askpass-main.js
[DEBUG] env.VSCODE_GIT_ASKPASS_NODE: C:\Users\AndyKwasiDebrah\AppData\Local\Programs\Microsoft VS Code\Code.exe
[DEBUG] env.VSCODE_GIT_IPC_HANDLE: \\.\pipe\vscode-git-c8198a3c98-sock
[DEBUG] env.VSCODE_JAVA_EXEC: C:\Users\AndyKwasiDebrah\.jdks\ms-21.0.9\bin\java
[DEBUG] env.VSCODE_JDWP_ADAPTER_ENDPOINTS: c:\Users\AndyKwasiDebrah\.vscode\extensions\vscjava.vscode-java-debug-0.58.5\.noConfigDebugAdapterEndpoints\endpoint-13603c479d1f56c0.txt
[DEBUG] env.VSCODE_NONCE: 53cc3220-02a6-4591-a8ce-cfebb57bad4b
[DEBUG] env.WDIR: C:\Users\AndyKwasiDebrah\IdeaProjects\SmartBloggingPlatform
[DEBUG] env.WINDIR: C:\WINDOWS
[DEBUG] env.ZES_ENABLE_SYSMAN: 1
[DEBUG] file.encoding: UTF-8
[DEBUG] file.separator: \
[DEBUG] flyway.version: 9.22.3
[DEBUG] freemarker.version: 2.3.32
[DEBUG] git-commit-id-maven-plugin.version: 6.0.0
[DEBUG] glassfish-jaxb.version: 4.0.4
[DEBUG] glassfish-jstl.version: 3.0.1
[DEBUG] graphql-java.version: 21.3
[DEBUG] groovy.version: 4.0.17
[DEBUG] gson.version: 2.10.1
[DEBUG] h2.version: 2.2.224
[DEBUG] hamcrest.version: 2.2
[DEBUG] hazelcast.version: 5.3.6
[DEBUG] hibernate-validator.version: 8.0.1.Final
[DEBUG] hibernate.version: 6.4.1.Final
[DEBUG] hikaricp.version: 5.0.1
[DEBUG] hsqldb.version: 2.7.2
[DEBUG] htmlunit.version: 2.70.0
[DEBUG] httpasyncclient.version: 4.1.5
[DEBUG] httpclient5.version: 5.2.3
[DEBUG] httpcore.version: 4.4.16
[DEBUG] httpcore5.version: 5.2.4
[DEBUG] infinispan.version: 14.0.21.Final
[DEBUG] influxdb-java.version: 2.23
[DEBUG] jackson-bom.version: 2.15.3
[DEBUG] jakarta-activation.version: 2.1.2
[DEBUG] jakarta-annotation.version: 2.1.1
[DEBUG] jakarta-jms.version: 3.1.0
[DEBUG] jakarta-json-bind.version: 3.0.0
[DEBUG] jakarta-json.version: 2.1.3
[DEBUG] jakarta-mail.version: 2.1.2
[DEBUG] jakarta-management.version: 1.1.4
[DEBUG] jakarta-persistence.version: 3.1.0
[DEBUG] jakarta-servlet-jsp-jstl.version: 3.0.0
[DEBUG] jakarta-servlet.version: 6.0.0
[DEBUG] jakarta-transaction.version: 2.0.1
[DEBUG] jakarta-validation.version: 3.0.2
[DEBUG] jakarta-websocket.version: 2.1.1
[DEBUG] jakarta-ws-rs.version: 3.1.0
[DEBUG] jakarta-xml-bind.version: 4.0.1
[DEBUG] jakarta-xml-soap.version: 3.0.1
[DEBUG] jakarta-xml-ws.version: 4.0.1
[DEBUG] janino.version: 3.1.11
[DEBUG] java.class.path: C:\Users\AndyKwasiDebrah\AppData\Roaming\Code\User\globalStorage\pleiades.java-extension-pack-jdk\maven\latest\boot\plexus-classworlds-2.9.0.jar
[DEBUG] java.class.version: 69.0
[DEBUG] java.home: C:\Users\AndyKwasiDebrah\.jdks\openjdk-25.0.2
[DEBUG] java.io.tmpdir: C:\Users\ANDYKW~1\AppData\Local\Temp\
[DEBUG] java.library.path: C:\Users\AndyKwasiDebrah\.jdks\openjdk-25.0.2\bin;C:\WINDOWS\Sun\Java\bin;C:\WINDOWS\system32;C:\WINDOWS;c:\Users\AndyKwasiDebrah\AppData\Roaming\Code\User\globalStorage\github.copilot-chat\debugCommand;c:\Users\AndyKwasiDebrah\AppData\Roaming\Code\User\globalStorage\github.copilot-chat\copilotCli;C:\Users\AndyKwasiDebrah\AppData\Roaming\Code\User\globalStorage\pleiades.java-extension-pack-jdk\gradle\latest\bin;C:\Users\AndyKwasiDebrah\AppData\Roaming\Code\User\globalStorage\pleiades.java-extension-pack-jdk\maven\latest\bin;C:\Users\AndyKwasiDebrah\.jdks\openjdk-25.0.2\bin;C:\Program Files\Eclipse Adoptium\jdk-25.0.1.8-hotspot\bin;C:\WINDOWS\system32;C:\WINDOWS;C:\WINDOWS\System32\Wbem;C:\WINDOWS\System32\WindowsPowerShell\v1.0\;C:\WINDOWS\System32\OpenSSH\;C:\Program Files\Git\cmd;C:\Program Files\cursor\resources\app\bin;%MAVEN_HOME%\bin;;C:\ProgramData\chocolatey\bin;C:\ProgramData\chocolatey\lib\maven\apache-maven-3.9.11\bin;C:\Users\AndyKwasiDebrah\AppData\Local\Microsoft\WindowsApps;C:\Program Files\JetBrains\IntelliJ IDEA Community Edition 2025.2.5\bin;C:\Users\AndyKwasiDebrah\AppData\Local\Programs\Microsoft VS Code\bin;c:\Users\AndyKwasiDebrah\.vscode\extensions\vscjava.vscode-java-debug-0.58.5\bundled\scripts\noConfigScripts;.
[DEBUG] java.runtime.name: OpenJDK Runtime Environment
[DEBUG] java.runtime.version: 25.0.2+10-69
[DEBUG] java.specification.name: Java Platform API Specification
[DEBUG] java.specification.vendor: Oracle Corporation
[DEBUG] java.specification.version: 25
[DEBUG] java.vendor: Oracle Corporation
[DEBUG] java.vendor.url: https://java.oracle.com/
[DEBUG] java.vendor.url.bug: https://bugreport.java.com/bugreport/
[DEBUG] java.version: 25.0.2
[DEBUG] java.version.date: 2026-01-20
[DEBUG] java.vm.compressedOopsMode: Zero based
[DEBUG] java.vm.info: mixed mode, sharing
[DEBUG] java.vm.name: OpenJDK 64-Bit Server VM
[DEBUG] java.vm.specification.name: Java Virtual Machine Specification
[DEBUG] java.vm.specification.vendor: Oracle Corporation
[DEBUG] java.vm.specification.version: 25
[DEBUG] java.vm.vendor: Oracle Corporation
[DEBUG] java.vm.version: 25.0.2+10-69
[DEBUG] javax-cache.version: 1.1.1
[DEBUG] javax-money.version: 1.1
[DEBUG] jaxen.version: 2.0.0
[DEBUG] jaybird.version: 5.0.3.java11
[DEBUG] jboss-logging.version: 3.5.3.Final
[DEBUG] jdk.debug: release
[DEBUG] jdom2.version: 2.0.6.1
[DEBUG] jedis.version: 5.0.2
[DEBUG] jersey.version: 3.1.5
[DEBUG] jetty-reactive-httpclient.version: 4.0.1
[DEBUG] jetty.version: 12.0.5
[DEBUG] jmustache.version: 1.15
[DEBUG] jooq.version: 3.18.9
[DEBUG] json-path.version: 2.8.0
[DEBUG] json-smart.version: 2.5.0
[DEBUG] jsonassert.version: 1.5.1
[DEBUG] jtds.version: 1.3.1
[DEBUG] junit-jupiter.version: 5.10.1
[DEBUG] junit.version: 4.13.2
[DEBUG] kafka.version: 3.6.1
[DEBUG] kotlin-coroutines.version: 1.7.3
[DEBUG] kotlin-serialization.version: 1.6.2
[DEBUG] kotlin.version: 1.9.22
[DEBUG] lettuce.version: 6.3.1.RELEASE
[DEBUG] library.jansi.path: C:\Users\AndyKwasiDebrah\AppData\Roaming\Code\User\globalStorage\pleiades.java-extension-pack-jdk\maven\latest\lib\jansi-native
[DEBUG] line.separator: 

[DEBUG] liquibase.version: 4.24.0
[DEBUG] log4j2.version: 2.21.1
[DEBUG] logback.version: 1.4.14
[DEBUG] lombok.version: 1.18.30
[DEBUG] mariadb.version: 3.3.2
[DEBUG] maven-antrun-plugin.version: 3.1.0
[DEBUG] maven-assembly-plugin.version: 3.6.0
[DEBUG] maven-clean-plugin.version: 3.3.2
[DEBUG] maven-compiler-plugin.version: 3.13.0
[DEBUG] maven-dependency-plugin.version: 3.6.1
[DEBUG] maven-deploy-plugin.version: 3.1.1
[DEBUG] maven-enforcer-plugin.version: 3.4.1
[DEBUG] maven-failsafe-plugin.version: 3.1.2
[DEBUG] maven-help-plugin.version: 3.4.0
[DEBUG] maven-install-plugin.version: 3.1.1
[DEBUG] maven-invoker-plugin.version: 3.6.0
[DEBUG] maven-jar-plugin.version: 3.3.0
[DEBUG] maven-javadoc-plugin.version: 3.6.3
[DEBUG] maven-resources-plugin.version: 3.3.1
[DEBUG] maven-shade-plugin.version: 3.5.1
[DEBUG] maven-source-plugin.version: 3.3.0
[DEBUG] maven-surefire-plugin.version: 3.1.2
[DEBUG] maven-war-plugin.version: 3.4.0
[DEBUG] maven.build.timestamp: 2026-02-25T11:04:56Z
[DEBUG] maven.build.version: Apache Maven 3.9.12 (848fbb4bf2d427b72bdb2471c22fced7ebd9a7a1)
[DEBUG] maven.compiler.release: 21
[DEBUG] maven.conf: C:\Users\AndyKwasiDebrah\AppData\Roaming\Code\User\globalStorage\pleiades.java-extension-pack-jdk\maven\latest/conf
[DEBUG] maven.home: C:\Users\AndyKwasiDebrah\AppData\Roaming\Code\User\globalStorage\pleiades.java-extension-pack-jdk\maven\latest
[DEBUG] maven.multiModuleProjectDirectory: C:\Users\AndyKwasiDebrah\IdeaProjects\SmartBloggingPlatform
[DEBUG] maven.version: 3.9.12
[DEBUG] micrometer-tracing.version: 1.2.2
[DEBUG] micrometer.version: 1.12.2
[DEBUG] mockito.version: 5.7.0
[DEBUG] mongodb.driver.version: 4.11.1
[DEBUG] mongodb.version: 4.11.1
[DEBUG] mssql-jdbc.version: 12.4.2.jre11
[DEBUG] mysql.version: 8.3.0
[DEBUG] native-build-tools-plugin.version: 0.9.28
[DEBUG] native.encoding: Cp1252
[DEBUG] nekohtml.version: 1.9.22
[DEBUG] neo4j-java-driver.version: 5.15.0
[DEBUG] netty.version: 4.1.105.Final
[DEBUG] okhttp.version: 4.12.0
[DEBUG] opentelemetry.version: 1.31.0
[DEBUG] oracle-database.version: 21.9.0.0
[DEBUG] oracle-r2dbc.version: 1.1.1
[DEBUG] os.arch: amd64
[DEBUG] os.name: Windows 11
[DEBUG] os.version: 10.0
[DEBUG] path.separator: ;
[DEBUG] pooled-jms.version: 3.1.5
[DEBUG] postgresql.version: 42.6.0
[DEBUG] project.baseUri: file:/C:/Users/AndyKwasiDebrah/IdeaProjects/SmartBloggingPlatform/
[DEBUG] project.build.sourceEncoding: UTF-8
[DEBUG] project.reporting.outputEncoding: UTF-8
[DEBUG] prometheus-client.version: 0.16.0
[DEBUG] pulsar-reactive.version: 0.5.2
[DEBUG] pulsar.version: 3.1.2
[DEBUG] quartz.version: 2.3.2
[DEBUG] querydsl.version: 5.0.0
[DEBUG] r2dbc-h2.version: 1.0.0.RELEASE
[DEBUG] r2dbc-mariadb.version: 1.1.4
[DEBUG] r2dbc-mssql.version: 1.0.2.RELEASE
[DEBUG] r2dbc-mysql.version: 1.0.6
[DEBUG] r2dbc-pool.version: 1.0.1.RELEASE
[DEBUG] r2dbc-postgresql.version: 1.0.4.RELEASE
[DEBUG] r2dbc-proxy.version: 1.1.4.RELEASE
[DEBUG] r2dbc-spi.version: 1.0.0.RELEASE
[DEBUG] rabbit-amqp-client.version: 5.19.0
[DEBUG] rabbit-stream-client.version: 0.14.0
[DEBUG] reactive-streams.version: 1.0.4
[DEBUG] reactor-bom.version: 2023.0.2
[DEBUG] resource.delimiter: @
[DEBUG] rest-assured.version: 5.3.2
[DEBUG] rsocket.version: 1.1.3
[DEBUG] rxjava3.version: 3.1.8
[DEBUG] saaj-impl.version: 3.0.3
[DEBUG] selenium-htmlunit.version: 4.13.0
[DEBUG] selenium.version: 4.14.1
[DEBUG] sendgrid.version: 4.9.3
[DEBUG] slf4j.version: 2.0.11
[DEBUG] snakeyaml.version: 2.2
[DEBUG] spring-amqp.version: 3.1.1
[DEBUG] spring-authorization-server.version: 1.2.1
[DEBUG] spring-batch.version: 5.1.0
[DEBUG] spring-data-bom.version: 2023.1.2
[DEBUG] spring-framework.version: 6.1.3
[DEBUG] spring-graphql.version: 1.2.4
[DEBUG] spring-hateoas.version: 2.2.0
[DEBUG] spring-integration.version: 6.2.1
[DEBUG] spring-kafka.version: 3.1.1
[DEBUG] spring-ldap.version: 3.2.1
[DEBUG] spring-pulsar.version: 1.0.2
[DEBUG] spring-restdocs.version: 3.0.1
[DEBUG] spring-retry.version: 2.0.5
[DEBUG] spring-security.version: 6.2.1
[DEBUG] spring-session.version: 3.2.1
[DEBUG] spring-ws.version: 4.0.10
[DEBUG] springdoc.version: 2.3.0
[DEBUG] sqlite-jdbc.version: 3.43.2.0
[DEBUG] stderr.encoding: UTF-8
[DEBUG] stdin.encoding: UTF-8
[DEBUG] stdout.encoding: UTF-8
[DEBUG] sun.arch.data.model: 64
[DEBUG] sun.boot.library.path: C:\Users\AndyKwasiDebrah\.jdks\openjdk-25.0.2\bin
[DEBUG] sun.cpu.endian: little
[DEBUG] sun.cpu.isalist: amd64
[DEBUG] sun.io.unicode.encoding: UnicodeLittle
[DEBUG] sun.java.command: org.codehaus.plexus.classworlds.launcher.Launcher -X -Dtest=OAuth2UserServiceImplTest test -DtrimStackTrace=false
[DEBUG] sun.java.launcher: SUN_STANDARD
[DEBUG] sun.jnu.encoding: Cp1252
[DEBUG] sun.management.compiler: HotSpot 64-Bit Tiered Compilers
[DEBUG] sun.os.patch.level: 
[DEBUG] test: OAuth2UserServiceImplTest
[DEBUG] testcontainers.version: 1.19.3
[DEBUG] thymeleaf-extras-data-attribute.version: 2.0.1
[DEBUG] thymeleaf-extras-springsecurity.version: 3.1.2.RELEASE
[DEBUG] thymeleaf-layout-dialect.version: 3.3.0
[DEBUG] thymeleaf.version: 3.1.2.RELEASE
[DEBUG] tomcat.version: 10.1.18
[DEBUG] trimStackTrace: false
[DEBUG] unboundid-ldapsdk.version: 6.0.11
[DEBUG] undertow.version: 2.3.10.Final
[DEBUG] user.country: US
[DEBUG] user.country.format: GH
[DEBUG] user.dir: C:\Users\AndyKwasiDebrah\IdeaProjects\SmartBloggingPlatform
[DEBUG] user.home: C:\Users\AndyKwasiDebrah
[DEBUG] user.language: en
[DEBUG] user.name: AndyKwasiDebrah
[DEBUG] user.script: 
[DEBUG] user.variant: 
[DEBUG] versions-maven-plugin.version: 2.16.2
[DEBUG] webjars-locator-core.version: 0.55
[DEBUG] wsdl4j.version: 1.6.3
[DEBUG] xml-maven-plugin.version: 1.1.0
[DEBUG] xmlunit2.version: 2.9.1
[DEBUG] yasson.version: 3.0.3
[DEBUG] Using 'UTF-8' encoding to copy filtered resources.
[DEBUG] Using 'UTF-8' encoding to copy filtered properties files.
[DEBUG] resource with targetPath null
directory C:\Users\AndyKwasiDebrah\IdeaProjects\SmartBloggingPlatform\src\test\resources
excludes []
includes []
[DEBUG] ignoreDelta true
[INFO] Copying 1 resource from src\test\resources to target\test-classes
[DEBUG] Copying file application.properties
[DEBUG] file application.properties has a filtered file extension
[DEBUG] Using 'UTF-8' encoding to copy filtered resource 'application.properties'.
[DEBUG] copy C:\Users\AndyKwasiDebrah\IdeaProjects\SmartBloggingPlatform\src\test\resources\application.properties to C:\Users\AndyKwasiDebrah\IdeaProjects\SmartBloggingPlatform\target\test-classes\application.properties
[DEBUG] no user filter components
[INFO] 
[INFO] --- compiler:3.13.0:testCompile (default-testCompile) @ SmartBloggingPlatform ---
[DEBUG] Loading mojo org.apache.maven.plugins:maven-compiler-plugin:3.13.0:testCompile from plugin realm ClassRealm[plugin>org.apache.maven.plugins:maven-compiler-plugin:3.13.0, parent: jdk.internal.loader.ClassLoaders$AppClassLoader@5bc2b487]
[DEBUG] Configuring mojo execution 'org.apache.maven.plugins:maven-compiler-plugin:3.13.0:testCompile:default-testCompile' with basic configurator -->
[DEBUG]   (s) groupId = org.projectlombok
[DEBUG]   (s) artifactId = lombok
[DEBUG]   (s) version = 1.18.38
[DEBUG]   (f) annotationProcessorPaths = [org.projectlombok:lombok:1.18.38.jar]
[DEBUG]   (f) annotationProcessorPathsUseDepMgmt = false
[DEBUG]   (f) basedir = C:\Users\AndyKwasiDebrah\IdeaProjects\SmartBloggingPlatform
[DEBUG]   (f) buildDirectory = C:\Users\AndyKwasiDebrah\IdeaProjects\SmartBloggingPlatform\target
[DEBUG]   (f) compileSourceRoots = [C:\Users\AndyKwasiDebrah\IdeaProjects\SmartBloggingPlatform\src\test\java]
[DEBUG]   (f) compilerArgs = [-parameters, -J--add-opens=jdk.compiler/com.sun.tools.javac.code=ALL-UNNAMED, -J--add-opens=jdk.compiler/com.sun.tools.javac.comp=ALL-UNNAMED, -J--add-opens=jdk.compiler/com.sun.tools.javac.file=ALL-UNNAMED, -J--add-opens=jdk.compiler/com.sun.tools.javac.main=ALL-UNNAMED, -J--add-opens=jdk.compiler/com.sun.tools.javac.model=ALL-UNNAMED, -J--add-opens=jdk.compiler/com.sun.tools.javac.parser=ALL-UNNAMED, -J--add-opens=jdk.compiler/com.sun.tools.javac.processing=ALL-UNNAMED, -J--add-opens=jdk.compiler/com.sun.tools.javac.tree=ALL-UNNAMED, -J--add-opens=jdk.compiler/com.sun.tools.javac.util=ALL-UNNAMED, -J--add-opens=jdk.compiler/com.sun.tools.javac.jvm=ALL-UNNAMED]
[DEBUG]   (f) compilerId = javac
[DEBUG]   (f) createMissingPackageInfoClass = true
[DEBUG]   (f) debug = true
[DEBUG]   (f) debugFileName = javac-test
[DEBUG]   (f) enablePreview = false
[DEBUG]   (f) encoding = UTF-8
[DEBUG]   (f) failOnError = true
[DEBUG]   (f) failOnWarning = false
[DEBUG]   (f) fileExtensions = [jar, class]
[DEBUG]   (f) forceJavacCompilerUse = false
[DEBUG]   (f) forceLegacyJavacApi = false
[DEBUG]   (f) fork = true
[DEBUG]   (f) generatedTestSourcesDirectory = C:\Users\AndyKwasiDebrah\IdeaProjects\SmartBloggingPlatform\target\generated-test-sources\test-annotations
[DEBUG]   (f) maxmem = 1024m
[DEBUG]   (f) meminitial = 128m
[DEBUG]   (f) mojoExecution = org.apache.maven.plugins:maven-compiler-plugin:3.13.0:testCompile {execution: default-testCompile}
[DEBUG]   (f) optimize = false
[DEBUG]   (f) outputDirectory = C:\Users\AndyKwasiDebrah\IdeaProjects\SmartBloggingPlatform\target\test-classes
[DEBUG]   (f) parameters = true
[DEBUG]   (f) project = MavenProject: com.smartblog:SmartBloggingPlatform:1.0-SNAPSHOT @ C:\Users\AndyKwasiDebrah\IdeaProjects\SmartBloggingPlatform\pom.xml
[DEBUG]   (s) release = 21
[DEBUG]   (f) session = org.apache.maven.execution.MavenSession@5762658b
[DEBUG]   (f) showCompilationChanges = false
[DEBUG]   (f) showDeprecation = false
[DEBUG]   (f) showWarnings = true
[DEBUG]   (f) skipMultiThreadWarning = false
[DEBUG]   (f) source = 21
[DEBUG]   (f) staleMillis = 0
[DEBUG]   (s) target = 21
[DEBUG]   (f) testPath = [C:\Users\AndyKwasiDebrah\IdeaProjects\SmartBloggingPlatform\target\test-classes, C:\Users\AndyKwasiDebrah\IdeaProjects\SmartBloggingPlatform\target\classes, C:\Users\AndyKwasiDebrah\.m2\repository\org\springframework\boot\spring-boot-starter-web\3.2.2\spring-boot-starter-web-3.2.2.jar, C:\Users\AndyKwasiDebrah\.m2\repository\org\springframework\boot\spring-boot-starter\3.2.2\spring-boot-starter-3.2.2.jar, C:\Users\AndyKwasiDebrah\.m2\repository\org\springframework\boot\spring-boot-starter-logging\3.2.2\spring-boot-starter-logging-3.2.2.jar, C:\Users\AndyKwasiDebrah\.m2\repository\ch\qos\logback\logback-classic\1.4.14\logback-classic-1.4.14.jar, C:\Users\AndyKwasiDebrah\.m2\repository\ch\qos\logback\logback-core\1.4.14\logback-core-1.4.14.jar, C:\Users\AndyKwasiDebrah\.m2\repository\org\apache\logging\log4j\log4j-to-slf4j\2.21.1\log4j-to-slf4j-2.21.1.jar, C:\Users\AndyKwasiDebrah\.m2\repository\org\apache\logging\log4j\log4j-api\2.21.1\log4j-api-2.21.1.jar, C:\Users\AndyKwasiDebrah\.m2\repository\org\slf4j\jul-to-slf4j\2.0.11\jul-to-slf4j-2.0.11.jar, C:\Users\AndyKwasiDebrah\.m2\repository\jakarta\annotation\jakarta.annotation-api\2.1.1\jakarta.annotation-api-2.1.1.jar, C:\Users\AndyKwasiDebrah\.m2\repository\org\yaml\snakeyaml\2.2\snakeyaml-2.2.jar, C:\Users\AndyKwasiDebrah\.m2\repository\org\springframework\boot\spring-boot-starter-json\3.2.2\spring-boot-starter-json-3.2.2.jar, C:\Users\AndyKwasiDebrah\.m2\repository\com\fasterxml\jackson\datatype\jackson-datatype-jdk8\2.15.3\jackson-datatype-jdk8-2.15.3.jar, C:\Users\AndyKwasiDebrah\.m2\repository\com\fasterxml\jackson\datatype\jackson-datatype-jsr310\2.15.3\jackson-datatype-jsr310-2.15.3.jar, C:\Users\AndyKwasiDebrah\.m2\repository\com\fasterxml\jackson\module\jackson-module-parameter-names\2.15.3\jackson-module-parameter-names-2.15.3.jar, C:\Users\AndyKwasiDebrah\.m2\repository\org\springframework\boot\spring-boot-starter-tomcat\3.2.2\spring-boot-starter-tomcat-3.2.2.jar, C:\Users\AndyKwasiDebrah\.m2\repository\org\apache\tomcat\embed\tomcat-embed-core\10.1.18\tomcat-embed-core-10.1.18.jar, C:\Users\AndyKwasiDebrah\.m2\repository\org\apache\tomcat\embed\tomcat-embed-websocket\10.1.18\tomcat-embed-websocket-10.1.18.jar, C:\Users\AndyKwasiDebrah\.m2\repository\org\springframework\spring-web\6.1.3\spring-web-6.1.3.jar, C:\Users\AndyKwasiDebrah\.m2\repository\org\springframework\spring-beans\6.1.3\spring-beans-6.1.3.jar, C:\Users\AndyKwasiDebrah\.m2\repository\io\micrometer\micrometer-observation\1.12.2\micrometer-observation-1.12.2.jar, C:\Users\AndyKwasiDebrah\.m2\repository\io\micrometer\micrometer-commons\1.12.2\micrometer-commons-1.12.2.jar, C:\Users\AndyKwasiDebrah\.m2\repository\org\springframework\spring-webmvc\6.1.3\spring-webmvc-6.1.3.jar, C:\Users\AndyKwasiDebrah\.m2\repository\org\springframework\spring-expression\6.1.3\spring-expression-6.1.3.jar, C:\Users\AndyKwasiDebrah\.m2\repository\org\springframework\boot\spring-boot-starter-data-jpa\3.2.2\spring-boot-starter-data-jpa-3.2.2.jar, C:\Users\AndyKwasiDebrah\.m2\repository\org\springframework\boot\spring-boot-starter-jdbc\3.2.2\spring-boot-starter-jdbc-3.2.2.jar, C:\Users\AndyKwasiDebrah\.m2\repository\com\zaxxer\HikariCP\5.0.1\HikariCP-5.0.1.jar, C:\Users\AndyKwasiDebrah\.m2\repository\org\springframework\spring-jdbc\6.1.3\spring-jdbc-6.1.3.jar, C:\Users\AndyKwasiDebrah\.m2\repository\org\hibernate\orm\hibernate-core\6.4.1.Final\hibernate-core-6.4.1.Final.jar, C:\Users\AndyKwasiDebrah\.m2\repository\jakarta\persistence\jakarta.persistence-api\3.1.0\jakarta.persistence-api-3.1.0.jar, C:\Users\AndyKwasiDebrah\.m2\repository\jakarta\transaction\jakarta.transaction-api\2.0.1\jakarta.transaction-api-2.0.1.jar, C:\Users\AndyKwasiDebrah\.m2\repository\org\jboss\logging\jboss-logging\3.5.3.Final\jboss-logging-3.5.3.Final.jar, C:\Users\AndyKwasiDebrah\.m2\repository\org\hibernate\common\hibernate-commons-annotations\6.0.6.Final\hibernate-commons-annotations-6.0.6.Final.jar, C:\Users\AndyKwasiDebrah\.m2\repository\io\smallrye\jandex\3.1.2\jandex-3.1.2.jar, C:\Users\AndyKwasiDebrah\.m2\repository\com\fasterxml\classmate\1.6.0\classmate-1.6.0.jar, C:\Users\AndyKwasiDebrah\.m2\repository\net\bytebuddy\byte-buddy\1.14.11\byte-buddy-1.14.11.jar, C:\Users\AndyKwasiDebrah\.m2\repository\org\glassfish\jaxb\jaxb-runtime\4.0.4\jaxb-runtime-4.0.4.jar, C:\Users\AndyKwasiDebrah\.m2\repository\org\glassfish\jaxb\jaxb-core\4.0.4\jaxb-core-4.0.4.jar, C:\Users\AndyKwasiDebrah\.m2\repository\org\eclipse\angus\angus-activation\2.0.1\angus-activation-2.0.1.jar, C:\Users\AndyKwasiDebrah\.m2\repository\org\glassfish\jaxb\txw2\4.0.4\txw2-4.0.4.jar, C:\Users\AndyKwasiDebrah\.m2\repository\com\sun\istack\istack-commons-runtime\4.1.2\istack-commons-runtime-4.1.2.jar, C:\Users\AndyKwasiDebrah\.m2\repository\jakarta\inject\jakarta.inject-api\2.0.1\jakarta.inject-api-2.0.1.jar, C:\Users\AndyKwasiDebrah\.m2\repository\org\antlr\antlr4-runtime\4.13.0\antlr4-runtime-4.13.0.jar, C:\Users\AndyKwasiDebrah\.m2\repository\org\springframework\data\spring-data-jpa\3.2.2\spring-data-jpa-3.2.2.jar, C:\Users\AndyKwasiDebrah\.m2\repository\org\springframework\data\spring-data-commons\3.2.2\spring-data-commons-3.2.2.jar, C:\Users\AndyKwasiDebrah\.m2\repository\org\springframework\spring-orm\6.1.3\spring-orm-6.1.3.jar, C:\Users\AndyKwasiDebrah\.m2\repository\org\springframework\spring-tx\6.1.3\spring-tx-6.1.3.jar, C:\Users\AndyKwasiDebrah\.m2\repository\org\slf4j\slf4j-api\2.0.11\slf4j-api-2.0.11.jar, C:\Users\AndyKwasiDebrah\.m2\repository\org\springframework\spring-aspects\6.1.3\spring-aspects-6.1.3.jar, C:\Users\AndyKwasiDebrah\.m2\repository\org\springframework\boot\spring-boot-starter-validation\3.2.2\spring-boot-starter-validation-3.2.2.jar, C:\Users\AndyKwasiDebrah\.m2\repository\org\apache\tomcat\embed\tomcat-embed-el\10.1.18\tomcat-embed-el-10.1.18.jar, C:\Users\AndyKwasiDebrah\.m2\repository\org\hibernate\validator\hibernate-validator\8.0.1.Final\hibernate-validator-8.0.1.Final.jar, C:\Users\AndyKwasiDebrah\.m2\repository\jakarta\validation\jakarta.validation-api\3.0.2\jakarta.validation-api-3.0.2.jar, C:\Users\AndyKwasiDebrah\.m2\repository\org\springframework\boot\spring-boot-starter-cache\3.2.2\spring-boot-starter-cache-3.2.2.jar, C:\Users\AndyKwasiDebrah\.m2\repository\org\springframework\spring-context-support\6.1.3\spring-context-support-6.1.3.jar, C:\Users\AndyKwasiDebrah\.m2\repository\org\springdoc\springdoc-openapi-starter-webmvc-ui\2.3.0\springdoc-openapi-starter-webmvc-ui-2.3.0.jar, C:\Users\AndyKwasiDebrah\.m2\repository\org\springdoc\springdoc-openapi-starter-webmvc-api\2.3.0\springdoc-openapi-starter-webmvc-api-2.3.0.jar, C:\Users\AndyKwasiDebrah\.m2\repository\org\springdoc\springdoc-openapi-starter-common\2.3.0\springdoc-openapi-starter-common-2.3.0.jar, C:\Users\AndyKwasiDebrah\.m2\repository\io\swagger\core\v3\swagger-core-jakarta\2.2.19\swagger-core-jakarta-2.2.19.jar, C:\Users\AndyKwasiDebrah\.m2\repository\io\swagger\core\v3\swagger-annotations-jakarta\2.2.19\swagger-annotations-jakarta-2.2.19.jar, C:\Users\AndyKwasiDebrah\.m2\repository\io\swagger\core\v3\swagger-models-jakarta\2.2.19\swagger-models-jakarta-2.2.19.jar, C:\Users\AndyKwasiDebrah\.m2\repository\com\fasterxml\jackson\dataformat\jackson-dataformat-yaml\2.15.3\jackson-dataformat-yaml-2.15.3.jar, C:\Users\AndyKwasiDebrah\.m2\repository\org\webjars\swagger-ui\5.10.3\swagger-ui-5.10.3.jar, C:\Users\AndyKwasiDebrah\.m2\repository\com\mysql\mysql-connector-j\8.3.0\mysql-connector-j-8.3.0.jar, C:\Users\AndyKwasiDebrah\.m2\repository\org\flywaydb\flyway-core\9.22.3\flyway-core-9.22.3.jar, C:\Users\AndyKwasiDebrah\.m2\repository\com\fasterxml\jackson\dataformat\jackson-dataformat-toml\2.15.3\jackson-dataformat-toml-2.15.3.jar, C:\Users\AndyKwasiDebrah\.m2\repository\com\fasterxml\jackson\core\jackson-core\2.15.3\jackson-core-2.15.3.jar, C:\Users\AndyKwasiDebrah\.m2\repository\com\google\code\gson\gson\2.10.1\gson-2.10.1.jar, C:\Users\AndyKwasiDebrah\.m2\repository\org\flywaydb\flyway-mysql\9.22.3\flyway-mysql-9.22.3.jar, C:\Users\AndyKwasiDebrah\.m2\repository\org\projectlombok\lombok\1.18.38\lombok-1.18.38.jar, C:\Users\AndyKwasiDebrah\.m2\repository\org\mindrot\jbcrypt\0.4\jbcrypt-0.4.jar, C:\Users\AndyKwasiDebrah\.m2\repository\com\github\ben-manes\caffeine\caffeine\3.1.8\caffeine-3.1.8.jar, C:\Users\AndyKwasiDebrah\.m2\repository\org\checkerframework\checker-qual\3.37.0\checker-qual-3.37.0.jar, C:\Users\AndyKwasiDebrah\.m2\repository\com\google\errorprone\error_prone_annotations\2.21.1\error_prone_annotations-2.21.1.jar, C:\Users\AndyKwasiDebrah\.m2\repository\org\springframework\boot\spring-boot-starter-graphql\3.2.2\spring-boot-starter-graphql-3.2.2.jar, C:\Users\AndyKwasiDebrah\.m2\repository\org\springframework\graphql\spring-graphql\1.2.4\spring-graphql-1.2.4.jar, C:\Users\AndyKwasiDebrah\.m2\repository\io\micrometer\context-propagation\1.0.6\context-propagation-1.0.6.jar, C:\Users\AndyKwasiDebrah\.m2\repository\org\springframework\boot\spring-boot-starter-data-redis\3.2.2\spring-boot-starter-data-redis-3.2.2.jar, C:\Users\AndyKwasiDebrah\.m2\repository\io\lettuce\lettuce-core\6.3.1.RELEASE\lettuce-core-6.3.1.RELEASE.jar, C:\Users\AndyKwasiDebrah\.m2\repository\io\netty\netty-common\4.1.105.Final\netty-common-4.1.105.Final.jar, C:\Users\AndyKwasiDebrah\.m2\repository\io\netty\netty-handler\4.1.105.Final\netty-handler-4.1.105.Final.jar, C:\Users\AndyKwasiDebrah\.m2\repository\io\netty\netty-resolver\4.1.105.Final\netty-resolver-4.1.105.Final.jar, C:\Users\AndyKwasiDebrah\.m2\repository\io\netty\netty-buffer\4.1.105.Final\netty-buffer-4.1.105.Final.jar, C:\Users\AndyKwasiDebrah\.m2\repository\io\netty\netty-transport-native-unix-common\4.1.105.Final\netty-transport-native-unix-common-4.1.105.Final.jar, C:\Users\AndyKwasiDebrah\.m2\repository\io\netty\netty-codec\4.1.105.Final\netty-codec-4.1.105.Final.jar, C:\Users\AndyKwasiDebrah\.m2\repository\io\netty\netty-transport\4.1.105.Final\netty-transport-4.1.105.Final.jar, C:\Users\AndyKwasiDebrah\.m2\repository\org\springframework\data\spring-data-redis\3.2.2\spring-data-redis-3.2.2.jar, C:\Users\AndyKwasiDebrah\.m2\repository\org\springframework\data\spring-data-keyvalue\3.2.2\spring-data-keyvalue-3.2.2.jar, C:\Users\AndyKwasiDebrah\.m2\repository\org\springframework\spring-oxm\6.1.3\spring-oxm-6.1.3.jar, C:\Users\AndyKwasiDebrah\.m2\repository\org\mongodb\mongodb-driver-sync\4.11.1\mongodb-driver-sync-4.11.1.jar, C:\Users\AndyKwasiDebrah\.m2\repository\org\mongodb\bson\4.11.1\bson-4.11.1.jar, C:\Users\AndyKwasiDebrah\.m2\repository\org\mongodb\mongodb-driver-core\4.11.1\mongodb-driver-core-4.11.1.jar, C:\Users\AndyKwasiDebrah\.m2\repository\org\mongodb\bson-record-codec\4.11.1\bson-record-codec-4.11.1.jar, C:\Users\AndyKwasiDebrah\.m2\repository\org\springframework\boot\spring-boot-devtools\3.2.2\spring-boot-devtools-3.2.2.jar, C:\Users\AndyKwasiDebrah\.m2\repository\org\springframework\boot\spring-boot\3.2.2\spring-boot-3.2.2.jar, C:\Users\AndyKwasiDebrah\.m2\repository\org\springframework\boot\spring-boot-autoconfigure\3.2.2\spring-boot-autoconfigure-3.2.2.jar, C:\Users\AndyKwasiDebrah\.m2\repository\org\springframework\boot\spring-boot-starter-security\3.2.2\spring-boot-starter-security-3.2.2.jar, C:\Users\AndyKwasiDebrah\.m2\repository\org\springframework\spring-aop\6.1.3\spring-aop-6.1.3.jar, C:\Users\AndyKwasiDebrah\.m2\repository\org\springframework\security\spring-security-config\6.2.1\spring-security-config-6.2.1.jar, C:\Users\AndyKwasiDebrah\.m2\repository\org\springframework\security\spring-security-web\6.2.1\spring-security-web-6.2.1.jar, C:\Users\AndyKwasiDebrah\.m2\repository\org\springframework\boot\spring-boot-starter-oauth2-client\3.2.2\spring-boot-starter-oauth2-client-3.2.2.jar, C:\Users\AndyKwasiDebrah\.m2\repository\org\springframework\security\spring-security-core\6.2.1\spring-security-core-6.2.1.jar, C:\Users\AndyKwasiDebrah\.m2\repository\org\springframework\security\spring-security-crypto\6.2.1\spring-security-crypto-6.2.1.jar, C:\Users\AndyKwasiDebrah\.m2\repository\org\springframework\security\spring-security-oauth2-client\6.2.1\spring-security-oauth2-client-6.2.1.jar, C:\Users\AndyKwasiDebrah\.m2\repository\com\nimbusds\oauth2-oidc-sdk\9.43.3\oauth2-oidc-sdk-9.43.3.jar, C:\Users\AndyKwasiDebrah\.m2\repository\com\nimbusds\content-type\2.2\content-type-2.2.jar, C:\Users\AndyKwasiDebrah\.m2\repository\com\nimbusds\lang-tag\1.7\lang-tag-1.7.jar, C:\Users\AndyKwasiDebrah\.m2\repository\org\springframework\security\spring-security-oauth2-jose\6.2.1\spring-security-oauth2-jose-6.2.1.jar, C:\Users\AndyKwasiDebrah\.m2\repository\org\springframework\security\spring-security-oauth2-core\6.2.1\spring-security-oauth2-core-6.2.1.jar, C:\Users\AndyKwasiDebrah\.m2\repository\org\springframework\spring-core\6.1.3\spring-core-6.1.3.jar, C:\Users\AndyKwasiDebrah\.m2\repository\org\springframework\spring-jcl\6.1.3\spring-jcl-6.1.3.jar, C:\Users\AndyKwasiDebrah\.m2\repository\com\nimbusds\nimbus-jose-jwt\9.24.4\nimbus-jose-jwt-9.24.4.jar, C:\Users\AndyKwasiDebrah\.m2\repository\com\github\stephenc\jcip\jcip-annotations\1.0-1\jcip-annotations-1.0-1.jar, C:\Users\AndyKwasiDebrah\.m2\repository\io\jsonwebtoken\jjwt-api\0.11.5\jjwt-api-0.11.5.jar, C:\Users\AndyKwasiDebrah\.m2\repository\io\jsonwebtoken\jjwt-impl\0.11.5\jjwt-impl-0.11.5.jar, C:\Users\AndyKwasiDebrah\.m2\repository\io\jsonwebtoken\jjwt-jackson\0.11.5\jjwt-jackson-0.11.5.jar, C:\Users\AndyKwasiDebrah\.m2\repository\com\fasterxml\jackson\core\jackson-databind\2.15.3\jackson-databind-2.15.3.jar, C:\Users\AndyKwasiDebrah\.m2\repository\com\fasterxml\jackson\core\jackson-annotations\2.15.3\jackson-annotations-2.15.3.jar, C:\Users\AndyKwasiDebrah\.m2\repository\org\springframework\boot\spring-boot-starter-test\3.2.2\spring-boot-starter-test-3.2.2.jar, C:\Users\AndyKwasiDebrah\.m2\repository\org\springframework\boot\spring-boot-test\3.2.2\spring-boot-test-3.2.2.jar, C:\Users\AndyKwasiDebrah\.m2\repository\org\springframework\boot\spring-boot-test-autoconfigure\3.2.2\spring-boot-test-autoconfigure-3.2.2.jar, C:\Users\AndyKwasiDebrah\.m2\repository\com\jayway\jsonpath\json-path\2.8.0\json-path-2.8.0.jar, C:\Users\AndyKwasiDebrah\.m2\repository\jakarta\xml\bind\jakarta.xml.bind-api\4.0.1\jakarta.xml.bind-api-4.0.1.jar, C:\Users\AndyKwasiDebrah\.m2\repository\jakarta\activation\jakarta.activation-api\2.1.2\jakarta.activation-api-2.1.2.jar, C:\Users\AndyKwasiDebrah\.m2\repository\net\minidev\json-smart\2.5.0\json-smart-2.5.0.jar, C:\Users\AndyKwasiDebrah\.m2\repository\net\minidev\accessors-smart\2.5.0\accessors-smart-2.5.0.jar, C:\Users\AndyKwasiDebrah\.m2\repository\org\ow2\asm\asm\9.3\asm-9.3.jar, C:\Users\AndyKwasiDebrah\.m2\repository\org\assertj\assertj-core\3.24.2\assertj-core-3.24.2.jar, C:\Users\AndyKwasiDebrah\.m2\repository\org\awaitility\awaitility\4.2.0\awaitility-4.2.0.jar, C:\Users\AndyKwasiDebrah\.m2\repository\org\hamcrest\hamcrest\2.2\hamcrest-2.2.jar, C:\Users\AndyKwasiDebrah\.m2\repository\org\junit\jupiter\junit-jupiter\5.10.1\junit-jupiter-5.10.1.jar, C:\Users\AndyKwasiDebrah\.m2\repository\org\junit\jupiter\junit-jupiter-api\5.10.1\junit-jupiter-api-5.10.1.jar, C:\Users\AndyKwasiDebrah\.m2\repository\org\opentest4j\opentest4j\1.3.0\opentest4j-1.3.0.jar, C:\Users\AndyKwasiDebrah\.m2\repository\org\junit\platform\junit-platform-commons\1.10.1\junit-platform-commons-1.10.1.jar, C:\Users\AndyKwasiDebrah\.m2\repository\org\apiguardian\apiguardian-api\1.1.2\apiguardian-api-1.1.2.jar, C:\Users\AndyKwasiDebrah\.m2\repository\org\junit\jupiter\junit-jupiter-params\5.10.1\junit-jupiter-params-5.10.1.jar, C:\Users\AndyKwasiDebrah\.m2\repository\org\junit\jupiter\junit-jupiter-engine\5.10.1\junit-jupiter-engine-5.10.1.jar, C:\Users\AndyKwasiDebrah\.m2\repository\org\junit\platform\junit-platform-engine\1.10.1\junit-platform-engine-1.10.1.jar, C:\Users\AndyKwasiDebrah\.m2\repository\org\mockito\mockito-core\5.7.0\mockito-core-5.7.0.jar, C:\Users\AndyKwasiDebrah\.m2\repository\net\bytebuddy\byte-buddy-agent\1.14.11\byte-buddy-agent-1.14.11.jar, C:\Users\AndyKwasiDebrah\.m2\repository\org\objenesis\objenesis\3.3\objenesis-3.3.jar, C:\Users\AndyKwasiDebrah\.m2\repository\org\mockito\mockito-junit-jupiter\5.7.0\mockito-junit-jupiter-5.7.0.jar, C:\Users\AndyKwasiDebrah\.m2\repository\org\skyscreamer\jsonassert\1.5.1\jsonassert-1.5.1.jar, C:\Users\AndyKwasiDebrah\.m2\repository\com\vaadin\external\google\android-json\0.0.20131108.vaadin1\android-json-0.0.20131108.vaadin1.jar, C:\Users\AndyKwasiDebrah\.m2\repository\org\springframework\spring-test\6.1.3\spring-test-6.1.3.jar, C:\Users\AndyKwasiDebrah\.m2\repository\org\xmlunit\xmlunit-core\2.9.1\xmlunit-core-2.9.1.jar, C:\Users\AndyKwasiDebrah\.m2\repository\com\h2database\h2\2.2.224\h2-2.2.224.jar, C:\Users\AndyKwasiDebrah\.m2\repository\org\springframework\graphql\spring-graphql-test\1.2.4\spring-graphql-test-1.2.4.jar, C:\Users\AndyKwasiDebrah\.m2\repository\com\graphql-java\graphql-java\21.3\graphql-java-21.3.jar, C:\Users\AndyKwasiDebrah\.m2\repository\com\graphql-java\java-dataloader\3.2.1\java-dataloader-3.2.1.jar, C:\Users\AndyKwasiDebrah\.m2\repository\org\reactivestreams\reactive-streams\1.0.4\reactive-streams-1.0.4.jar, C:\Users\AndyKwasiDebrah\.m2\repository\io\projectreactor\reactor-core\3.6.2\reactor-core-3.6.2.jar, C:\Users\AndyKwasiDebrah\.m2\repository\org\springframework\spring-context\6.1.3\spring-context-6.1.3.jar, C:\Users\AndyKwasiDebrah\.m2\repository\io\rest-assured\rest-assured\5.3.2\rest-assured-5.3.2.jar, C:\Users\AndyKwasiDebrah\.m2\repository\org\apache\groovy\groovy\4.0.17\groovy-4.0.17.jar, C:\Users\AndyKwasiDebrah\.m2\repository\org\apache\groovy\groovy-xml\4.0.17\groovy-xml-4.0.17.jar, C:\Users\AndyKwasiDebrah\.m2\repository\org\apache\httpcomponents\httpclient\4.5.13\httpclient-4.5.13.jar, C:\Users\AndyKwasiDebrah\.m2\repository\org\apache\httpcomponents\httpcore\4.4.16\httpcore-4.4.16.jar, C:\Users\AndyKwasiDebrah\.m2\repository\commons-logging\commons-logging\1.2\commons-logging-1.2.jar, C:\Users\AndyKwasiDebrah\.m2\repository\commons-codec\commons-codec\1.16.0\commons-codec-1.16.0.jar, C:\Users\AndyKwasiDebrah\.m2\repository\org\apache\httpcomponents\httpmime\4.5.13\httpmime-4.5.13.jar, C:\Users\AndyKwasiDebrah\.m2\repository\org\ccil\cowan\tagsoup\tagsoup\1.2.1\tagsoup-1.2.1.jar, C:\Users\AndyKwasiDebrah\.m2\repository\io\rest-assured\json-path\5.3.2\json-path-5.3.2.jar, C:\Users\AndyKwasiDebrah\.m2\repository\org\apache\groovy\groovy-json\4.0.17\groovy-json-4.0.17.jar, C:\Users\AndyKwasiDebrah\.m2\repository\io\rest-assured\rest-assured-common\5.3.2\rest-assured-common-5.3.2.jar, C:\Users\AndyKwasiDebrah\.m2\repository\io\rest-assured\xml-path\5.3.2\xml-path-5.3.2.jar, C:\Users\AndyKwasiDebrah\.m2\repository\org\apache\commons\commons-lang3\3.13.0\commons-lang3-3.13.0.jar, C:\Users\AndyKwasiDebrah\.m2\repository\org\springframework\boot\spring-boot-starter-aop\3.2.2\spring-boot-starter-aop-3.2.2.jar, C:\Users\AndyKwasiDebrah\.m2\repository\org\aspectj\aspectjweaver\1.9.21\aspectjweaver-1.9.21.jar, C:\Users\AndyKwasiDebrah\.m2\repository\org\springframework\security\spring-security-test\6.2.1\spring-security-test-6.2.1.jar, C:\Users\AndyKwasiDebrah\.m2\repository\org\testcontainers\junit-jupiter\1.18.3\junit-jupiter-1.18.3.jar, C:\Users\AndyKwasiDebrah\.m2\repository\org\testcontainers\testcontainers\1.19.3\testcontainers-1.19.3.jar, C:\Users\AndyKwasiDebrah\.m2\repository\junit\junit\4.13.2\junit-4.13.2.jar, C:\Users\AndyKwasiDebrah\.m2\repository\org\hamcrest\hamcrest-core\2.2\hamcrest-core-2.2.jar, C:\Users\AndyKwasiDebrah\.m2\repository\org\apache\commons\commons-compress\1.24.0\commons-compress-1.24.0.jar, C:\Users\AndyKwasiDebrah\.m2\repository\org\rnorth\duct-tape\duct-tape\1.0.8\duct-tape-1.0.8.jar, C:\Users\AndyKwasiDebrah\.m2\repository\org\jetbrains\annotations\17.0.0\annotations-17.0.0.jar, C:\Users\AndyKwasiDebrah\.m2\repository\com\github\docker-java\docker-java-api\3.3.4\docker-java-api-3.3.4.jar, C:\Users\AndyKwasiDebrah\.m2\repository\com\github\docker-java\docker-java-transport-zerodep\3.3.4\docker-java-transport-zerodep-3.3.4.jar, C:\Users\AndyKwasiDebrah\.m2\repository\com\github\docker-java\docker-java-transport\3.3.4\docker-java-transport-3.3.4.jar, C:\Users\AndyKwasiDebrah\.m2\repository\net\java\dev\jna\jna\5.13.0\jna-5.13.0.jar]
[DEBUG]   (f) useIncrementalCompilation = true
[DEBUG]   (f) useModulePath = true
[DEBUG]   (f) verbose = false
[DEBUG] -- end configuration --
[DEBUG] Using compiler 'javac'.
[DEBUG] Adding C:\Users\AndyKwasiDebrah\IdeaProjects\SmartBloggingPlatform\target\generated-test-sources\test-annotations to test-compile source roots:
  C:\Users\AndyKwasiDebrah\IdeaProjects\SmartBloggingPlatform\src\test\java
[DEBUG] New test-compile source roots:
  C:\Users\AndyKwasiDebrah\IdeaProjects\SmartBloggingPlatform\src\test\java
  C:\Users\AndyKwasiDebrah\IdeaProjects\SmartBloggingPlatform\target\generated-test-sources\test-annotations
[DEBUG] Dependency collection stats {ConflictMarker.analyzeTime=24100, ConflictMarker.markTime=17400, ConflictMarker.nodeCount=2, ConflictIdSorter.graphTime=14300, ConflictIdSorter.topsortTime=10800, ConflictIdSorter.conflictIdCount=1, ConflictIdSorter.conflictIdCycleCount=0, ConflictResolver.totalTime=51900, ConflictResolver.conflictItemCount=1, DfDependencyCollector.collectTime=202700, DfDependencyCollector.transformTime=138100}
[DEBUG] CompilerReuseStrategy: reuseCreated
[DEBUG] useIncrementalCompilation enabled
[INFO] 	Stale source detected: C:\Users\AndyKwasiDebrah\IdeaProjects\SmartBloggingPlatform\src\test\java\com\smartblog\infrastructure\repository\jpa\PostJpaRepositoryTest.java
[INFO] 	Stale source detected: C:\Users\AndyKwasiDebrah\IdeaProjects\SmartBloggingPlatform\src\test\java\com\smartblog\cache\CachingPerformanceTest.java
[INFO] 	Stale source detected: C:\Users\AndyKwasiDebrah\IdeaProjects\SmartBloggingPlatform\src\test\java\com\smartblog\security\ProtectedControllerRBACTest.java
[INFO] 	Stale source detected: C:\Users\AndyKwasiDebrah\IdeaProjects\SmartBloggingPlatform\src\test\java\com\smartblog\cache\EvictionAndPagedBenchmarkTest.java
[INFO] 	Stale source detected: C:\Users\AndyKwasiDebrah\IdeaProjects\SmartBloggingPlatform\src\test\java\com\smartblog\cache\CachingIntegrationTest.java
[INFO] Recompiling the module because of changed source code.
[DEBUG] Classpath:
[DEBUG]  C:\Users\AndyKwasiDebrah\IdeaProjects\SmartBloggingPlatform\target\test-classes
[DEBUG]  C:\Users\AndyKwasiDebrah\IdeaProjects\SmartBloggingPlatform\target\classes
[DEBUG]  C:\Users\AndyKwasiDebrah\.m2\repository\org\springframework\boot\spring-boot-starter-web\3.2.2\spring-boot-starter-web-3.2.2.jar
[DEBUG]  C:\Users\AndyKwasiDebrah\.m2\repository\org\springframework\boot\spring-boot-starter\3.2.2\spring-boot-starter-3.2.2.jar
[DEBUG]  C:\Users\AndyKwasiDebrah\.m2\repository\org\springframework\boot\spring-boot-starter-logging\3.2.2\spring-boot-starter-logging-3.2.2.jar
[DEBUG]  C:\Users\AndyKwasiDebrah\.m2\repository\ch\qos\logback\logback-classic\1.4.14\logback-classic-1.4.14.jar
[DEBUG]  C:\Users\AndyKwasiDebrah\.m2\repository\ch\qos\logback\logback-core\1.4.14\logback-core-1.4.14.jar
[DEBUG]  C:\Users\AndyKwasiDebrah\.m2\repository\org\apache\logging\log4j\log4j-to-slf4j\2.21.1\log4j-to-slf4j-2.21.1.jar
[DEBUG]  C:\Users\AndyKwasiDebrah\.m2\repository\org\apache\logging\log4j\log4j-api\2.21.1\log4j-api-2.21.1.jar
[DEBUG]  C:\Users\AndyKwasiDebrah\.m2\repository\org\slf4j\jul-to-slf4j\2.0.11\jul-to-slf4j-2.0.11.jar
[DEBUG]  C:\Users\AndyKwasiDebrah\.m2\repository\jakarta\annotation\jakarta.annotation-api\2.1.1\jakarta.annotation-api-2.1.1.jar
[DEBUG]  C:\Users\AndyKwasiDebrah\.m2\repository\org\yaml\snakeyaml\2.2\snakeyaml-2.2.jar
[DEBUG]  C:\Users\AndyKwasiDebrah\.m2\repository\org\springframework\boot\spring-boot-starter-json\3.2.2\spring-boot-starter-json-3.2.2.jar
[DEBUG]  C:\Users\AndyKwasiDebrah\.m2\repository\com\fasterxml\jackson\datatype\jackson-datatype-jdk8\2.15.3\jackson-datatype-jdk8-2.15.3.jar
[DEBUG]  C:\Users\AndyKwasiDebrah\.m2\repository\com\fasterxml\jackson\datatype\jackson-datatype-jsr310\2.15.3\jackson-datatype-jsr310-2.15.3.jar
[DEBUG]  C:\Users\AndyKwasiDebrah\.m2\repository\com\fasterxml\jackson\module\jackson-module-parameter-names\2.15.3\jackson-module-parameter-names-2.15.3.jar
[DEBUG]  C:\Users\AndyKwasiDebrah\.m2\repository\org\springframework\boot\spring-boot-starter-tomcat\3.2.2\spring-boot-starter-tomcat-3.2.2.jar
[DEBUG]  C:\Users\AndyKwasiDebrah\.m2\repository\org\apache\tomcat\embed\tomcat-embed-core\10.1.18\tomcat-embed-core-10.1.18.jar
[DEBUG]  C:\Users\AndyKwasiDebrah\.m2\repository\org\apache\tomcat\embed\tomcat-embed-websocket\10.1.18\tomcat-embed-websocket-10.1.18.jar
[DEBUG]  C:\Users\AndyKwasiDebrah\.m2\repository\org\springframework\spring-web\6.1.3\spring-web-6.1.3.jar
[DEBUG]  C:\Users\AndyKwasiDebrah\.m2\repository\org\springframework\spring-beans\6.1.3\spring-beans-6.1.3.jar
[DEBUG]  C:\Users\AndyKwasiDebrah\.m2\repository\io\micrometer\micrometer-observation\1.12.2\micrometer-observation-1.12.2.jar
[DEBUG]  C:\Users\AndyKwasiDebrah\.m2\repository\io\micrometer\micrometer-commons\1.12.2\micrometer-commons-1.12.2.jar
[DEBUG]  C:\Users\AndyKwasiDebrah\.m2\repository\org\springframework\spring-webmvc\6.1.3\spring-webmvc-6.1.3.jar
[DEBUG]  C:\Users\AndyKwasiDebrah\.m2\repository\org\springframework\spring-expression\6.1.3\spring-expression-6.1.3.jar
[DEBUG]  C:\Users\AndyKwasiDebrah\.m2\repository\org\springframework\boot\spring-boot-starter-data-jpa\3.2.2\spring-boot-starter-data-jpa-3.2.2.jar
[DEBUG]  C:\Users\AndyKwasiDebrah\.m2\repository\org\springframework\boot\spring-boot-starter-jdbc\3.2.2\spring-boot-starter-jdbc-3.2.2.jar
[DEBUG]  C:\Users\AndyKwasiDebrah\.m2\repository\com\zaxxer\HikariCP\5.0.1\HikariCP-5.0.1.jar
[DEBUG]  C:\Users\AndyKwasiDebrah\.m2\repository\org\springframework\spring-jdbc\6.1.3\spring-jdbc-6.1.3.jar
[DEBUG]  C:\Users\AndyKwasiDebrah\.m2\repository\org\hibernate\orm\hibernate-core\6.4.1.Final\hibernate-core-6.4.1.Final.jar
[DEBUG]  C:\Users\AndyKwasiDebrah\.m2\repository\jakarta\persistence\jakarta.persistence-api\3.1.0\jakarta.persistence-api-3.1.0.jar
[DEBUG]  C:\Users\AndyKwasiDebrah\.m2\repository\jakarta\transaction\jakarta.transaction-api\2.0.1\jakarta.transaction-api-2.0.1.jar
[DEBUG]  C:\Users\AndyKwasiDebrah\.m2\repository\org\jboss\logging\jboss-logging\3.5.3.Final\jboss-logging-3.5.3.Final.jar
[DEBUG]  C:\Users\AndyKwasiDebrah\.m2\repository\org\hibernate\common\hibernate-commons-annotations\6.0.6.Final\hibernate-commons-annotations-6.0.6.Final.jar
[DEBUG]  C:\Users\AndyKwasiDebrah\.m2\repository\io\smallrye\jandex\3.1.2\jandex-3.1.2.jar
[DEBUG]  C:\Users\AndyKwasiDebrah\.m2\repository\com\fasterxml\classmate\1.6.0\classmate-1.6.0.jar
[DEBUG]  C:\Users\AndyKwasiDebrah\.m2\repository\net\bytebuddy\byte-buddy\1.14.11\byte-buddy-1.14.11.jar
[DEBUG]  C:\Users\AndyKwasiDebrah\.m2\repository\org\glassfish\jaxb\jaxb-runtime\4.0.4\jaxb-runtime-4.0.4.jar
[DEBUG]  C:\Users\AndyKwasiDebrah\.m2\repository\org\glassfish\jaxb\jaxb-core\4.0.4\jaxb-core-4.0.4.jar
[DEBUG]  C:\Users\AndyKwasiDebrah\.m2\repository\org\eclipse\angus\angus-activation\2.0.1\angus-activation-2.0.1.jar
[DEBUG]  C:\Users\AndyKwasiDebrah\.m2\repository\org\glassfish\jaxb\txw2\4.0.4\txw2-4.0.4.jar
[DEBUG]  C:\Users\AndyKwasiDebrah\.m2\repository\com\sun\istack\istack-commons-runtime\4.1.2\istack-commons-runtime-4.1.2.jar
[DEBUG]  C:\Users\AndyKwasiDebrah\.m2\repository\jakarta\inject\jakarta.inject-api\2.0.1\jakarta.inject-api-2.0.1.jar
[DEBUG]  C:\Users\AndyKwasiDebrah\.m2\repository\org\antlr\antlr4-runtime\4.13.0\antlr4-runtime-4.13.0.jar
[DEBUG]  C:\Users\AndyKwasiDebrah\.m2\repository\org\springframework\data\spring-data-jpa\3.2.2\spring-data-jpa-3.2.2.jar
[DEBUG]  C:\Users\AndyKwasiDebrah\.m2\repository\org\springframework\data\spring-data-commons\3.2.2\spring-data-commons-3.2.2.jar
[DEBUG]  C:\Users\AndyKwasiDebrah\.m2\repository\org\springframework\spring-orm\6.1.3\spring-orm-6.1.3.jar
[DEBUG]  C:\Users\AndyKwasiDebrah\.m2\repository\org\springframework\spring-tx\6.1.3\spring-tx-6.1.3.jar
[DEBUG]  C:\Users\AndyKwasiDebrah\.m2\repository\org\slf4j\slf4j-api\2.0.11\slf4j-api-2.0.11.jar
[DEBUG]  C:\Users\AndyKwasiDebrah\.m2\repository\org\springframework\spring-aspects\6.1.3\spring-aspects-6.1.3.jar
[DEBUG]  C:\Users\AndyKwasiDebrah\.m2\repository\org\springframework\boot\spring-boot-starter-validation\3.2.2\spring-boot-starter-validation-3.2.2.jar
[DEBUG]  C:\Users\AndyKwasiDebrah\.m2\repository\org\apache\tomcat\embed\tomcat-embed-el\10.1.18\tomcat-embed-el-10.1.18.jar
[DEBUG]  C:\Users\AndyKwasiDebrah\.m2\repository\org\hibernate\validator\hibernate-validator\8.0.1.Final\hibernate-validator-8.0.1.Final.jar
[DEBUG]  C:\Users\AndyKwasiDebrah\.m2\repository\jakarta\validation\jakarta.validation-api\3.0.2\jakarta.validation-api-3.0.2.jar
[DEBUG]  C:\Users\AndyKwasiDebrah\.m2\repository\org\springframework\boot\spring-boot-starter-cache\3.2.2\spring-boot-starter-cache-3.2.2.jar
[DEBUG]  C:\Users\AndyKwasiDebrah\.m2\repository\org\springframework\spring-context-support\6.1.3\spring-context-support-6.1.3.jar
[DEBUG]  C:\Users\AndyKwasiDebrah\.m2\repository\org\springdoc\springdoc-openapi-starter-webmvc-ui\2.3.0\springdoc-openapi-starter-webmvc-ui-2.3.0.jar
[DEBUG]  C:\Users\AndyKwasiDebrah\.m2\repository\org\springdoc\springdoc-openapi-starter-webmvc-api\2.3.0\springdoc-openapi-starter-webmvc-api-2.3.0.jar
[DEBUG]  C:\Users\AndyKwasiDebrah\.m2\repository\org\springdoc\springdoc-openapi-starter-common\2.3.0\springdoc-openapi-starter-common-2.3.0.jar
[DEBUG]  C:\Users\AndyKwasiDebrah\.m2\repository\io\swagger\core\v3\swagger-core-jakarta\2.2.19\swagger-core-jakarta-2.2.19.jar
[DEBUG]  C:\Users\AndyKwasiDebrah\.m2\repository\io\swagger\core\v3\swagger-annotations-jakarta\2.2.19\swagger-annotations-jakarta-2.2.19.jar
[DEBUG]  C:\Users\AndyKwasiDebrah\.m2\repository\io\swagger\core\v3\swagger-models-jakarta\2.2.19\swagger-models-jakarta-2.2.19.jar
[DEBUG]  C:\Users\AndyKwasiDebrah\.m2\repository\com\fasterxml\jackson\dataformat\jackson-dataformat-yaml\2.15.3\jackson-dataformat-yaml-2.15.3.jar
[DEBUG]  C:\Users\AndyKwasiDebrah\.m2\repository\org\webjars\swagger-ui\5.10.3\swagger-ui-5.10.3.jar
[DEBUG]  C:\Users\AndyKwasiDebrah\.m2\repository\com\mysql\mysql-connector-j\8.3.0\mysql-connector-j-8.3.0.jar
[DEBUG]  C:\Users\AndyKwasiDebrah\.m2\repository\org\flywaydb\flyway-core\9.22.3\flyway-core-9.22.3.jar
[DEBUG]  C:\Users\AndyKwasiDebrah\.m2\repository\com\fasterxml\jackson\dataformat\jackson-dataformat-toml\2.15.3\jackson-dataformat-toml-2.15.3.jar
[DEBUG]  C:\Users\AndyKwasiDebrah\.m2\repository\com\fasterxml\jackson\core\jackson-core\2.15.3\jackson-core-2.15.3.jar
[DEBUG]  C:\Users\AndyKwasiDebrah\.m2\repository\com\google\code\gson\gson\2.10.1\gson-2.10.1.jar
[DEBUG]  C:\Users\AndyKwasiDebrah\.m2\repository\org\flywaydb\flyway-mysql\9.22.3\flyway-mysql-9.22.3.jar
[DEBUG]  C:\Users\AndyKwasiDebrah\.m2\repository\org\projectlombok\lombok\1.18.38\lombok-1.18.38.jar
[DEBUG]  C:\Users\AndyKwasiDebrah\.m2\repository\org\mindrot\jbcrypt\0.4\jbcrypt-0.4.jar
[DEBUG]  C:\Users\AndyKwasiDebrah\.m2\repository\com\github\ben-manes\caffeine\caffeine\3.1.8\caffeine-3.1.8.jar
[DEBUG]  C:\Users\AndyKwasiDebrah\.m2\repository\org\checkerframework\checker-qual\3.37.0\checker-qual-3.37.0.jar
[DEBUG]  C:\Users\AndyKwasiDebrah\.m2\repository\com\google\errorprone\error_prone_annotations\2.21.1\error_prone_annotations-2.21.1.jar
[DEBUG]  C:\Users\AndyKwasiDebrah\.m2\repository\org\springframework\boot\spring-boot-starter-graphql\3.2.2\spring-boot-starter-graphql-3.2.2.jar
[DEBUG]  C:\Users\AndyKwasiDebrah\.m2\repository\org\springframework\graphql\spring-graphql\1.2.4\spring-graphql-1.2.4.jar
[DEBUG]  C:\Users\AndyKwasiDebrah\.m2\repository\io\micrometer\context-propagation\1.0.6\context-propagation-1.0.6.jar
[DEBUG]  C:\Users\AndyKwasiDebrah\.m2\repository\org\springframework\boot\spring-boot-starter-data-redis\3.2.2\spring-boot-starter-data-redis-3.2.2.jar
[DEBUG]  C:\Users\AndyKwasiDebrah\.m2\repository\io\lettuce\lettuce-core\6.3.1.RELEASE\lettuce-core-6.3.1.RELEASE.jar
[DEBUG]  C:\Users\AndyKwasiDebrah\.m2\repository\io\netty\netty-common\4.1.105.Final\netty-common-4.1.105.Final.jar
[DEBUG]  C:\Users\AndyKwasiDebrah\.m2\repository\io\netty\netty-handler\4.1.105.Final\netty-handler-4.1.105.Final.jar
[DEBUG]  C:\Users\AndyKwasiDebrah\.m2\repository\io\netty\netty-resolver\4.1.105.Final\netty-resolver-4.1.105.Final.jar
[DEBUG]  C:\Users\AndyKwasiDebrah\.m2\repository\io\netty\netty-buffer\4.1.105.Final\netty-buffer-4.1.105.Final.jar
[DEBUG]  C:\Users\AndyKwasiDebrah\.m2\repository\io\netty\netty-transport-native-unix-common\4.1.105.Final\netty-transport-native-unix-common-4.1.105.Final.jar
[DEBUG]  C:\Users\AndyKwasiDebrah\.m2\repository\io\netty\netty-codec\4.1.105.Final\netty-codec-4.1.105.Final.jar
[DEBUG]  C:\Users\AndyKwasiDebrah\.m2\repository\io\netty\netty-transport\4.1.105.Final\netty-transport-4.1.105.Final.jar
[DEBUG]  C:\Users\AndyKwasiDebrah\.m2\repository\org\springframework\data\spring-data-redis\3.2.2\spring-data-redis-3.2.2.jar
[DEBUG]  C:\Users\AndyKwasiDebrah\.m2\repository\org\springframework\data\spring-data-keyvalue\3.2.2\spring-data-keyvalue-3.2.2.jar
[DEBUG]  C:\Users\AndyKwasiDebrah\.m2\repository\org\springframework\spring-oxm\6.1.3\spring-oxm-6.1.3.jar
[DEBUG]  C:\Users\AndyKwasiDebrah\.m2\repository\org\mongodb\mongodb-driver-sync\4.11.1\mongodb-driver-sync-4.11.1.jar
[DEBUG]  C:\Users\AndyKwasiDebrah\.m2\repository\org\mongodb\bson\4.11.1\bson-4.11.1.jar
[DEBUG]  C:\Users\AndyKwasiDebrah\.m2\repository\org\mongodb\mongodb-driver-core\4.11.1\mongodb-driver-core-4.11.1.jar
[DEBUG]  C:\Users\AndyKwasiDebrah\.m2\repository\org\mongodb\bson-record-codec\4.11.1\bson-record-codec-4.11.1.jar
[DEBUG]  C:\Users\AndyKwasiDebrah\.m2\repository\org\springframework\boot\spring-boot-devtools\3.2.2\spring-boot-devtools-3.2.2.jar
[DEBUG]  C:\Users\AndyKwasiDebrah\.m2\repository\org\springframework\boot\spring-boot\3.2.2\spring-boot-3.2.2.jar
[DEBUG]  C:\Users\AndyKwasiDebrah\.m2\repository\org\springframework\boot\spring-boot-autoconfigure\3.2.2\spring-boot-autoconfigure-3.2.2.jar
[DEBUG]  C:\Users\AndyKwasiDebrah\.m2\repository\org\springframework\boot\spring-boot-starter-security\3.2.2\spring-boot-starter-security-3.2.2.jar
[DEBUG]  C:\Users\AndyKwasiDebrah\.m2\repository\org\springframework\spring-aop\6.1.3\spring-aop-6.1.3.jar
[DEBUG]  C:\Users\AndyKwasiDebrah\.m2\repository\org\springframework\security\spring-security-config\6.2.1\spring-security-config-6.2.1.jar
[DEBUG]  C:\Users\AndyKwasiDebrah\.m2\repository\org\springframework\security\spring-security-web\6.2.1\spring-security-web-6.2.1.jar
[DEBUG]  C:\Users\AndyKwasiDebrah\.m2\repository\org\springframework\boot\spring-boot-starter-oauth2-client\3.2.2\spring-boot-starter-oauth2-client-3.2.2.jar
[DEBUG]  C:\Users\AndyKwasiDebrah\.m2\repository\org\springframework\security\spring-security-core\6.2.1\spring-security-core-6.2.1.jar
[DEBUG]  C:\Users\AndyKwasiDebrah\.m2\repository\org\springframework\security\spring-security-crypto\6.2.1\spring-security-crypto-6.2.1.jar
[DEBUG]  C:\Users\AndyKwasiDebrah\.m2\repository\org\springframework\security\spring-security-oauth2-client\6.2.1\spring-security-oauth2-client-6.2.1.jar
[DEBUG]  C:\Users\AndyKwasiDebrah\.m2\repository\com\nimbusds\oauth2-oidc-sdk\9.43.3\oauth2-oidc-sdk-9.43.3.jar
[DEBUG]  C:\Users\AndyKwasiDebrah\.m2\repository\com\nimbusds\content-type\2.2\content-type-2.2.jar
[DEBUG]  C:\Users\AndyKwasiDebrah\.m2\repository\com\nimbusds\lang-tag\1.7\lang-tag-1.7.jar
[DEBUG]  C:\Users\AndyKwasiDebrah\.m2\repository\org\springframework\security\spring-security-oauth2-jose\6.2.1\spring-security-oauth2-jose-6.2.1.jar
[DEBUG]  C:\Users\AndyKwasiDebrah\.m2\repository\org\springframework\security\spring-security-oauth2-core\6.2.1\spring-security-oauth2-core-6.2.1.jar
[DEBUG]  C:\Users\AndyKwasiDebrah\.m2\repository\org\springframework\spring-core\6.1.3\spring-core-6.1.3.jar
[DEBUG]  C:\Users\AndyKwasiDebrah\.m2\repository\org\springframework\spring-jcl\6.1.3\spring-jcl-6.1.3.jar
[DEBUG]  C:\Users\AndyKwasiDebrah\.m2\repository\com\nimbusds\nimbus-jose-jwt\9.24.4\nimbus-jose-jwt-9.24.4.jar
[DEBUG]  C:\Users\AndyKwasiDebrah\.m2\repository\com\github\stephenc\jcip\jcip-annotations\1.0-1\jcip-annotations-1.0-1.jar
[DEBUG]  C:\Users\AndyKwasiDebrah\.m2\repository\io\jsonwebtoken\jjwt-api\0.11.5\jjwt-api-0.11.5.jar
[DEBUG]  C:\Users\AndyKwasiDebrah\.m2\repository\io\jsonwebtoken\jjwt-impl\0.11.5\jjwt-impl-0.11.5.jar
[DEBUG]  C:\Users\AndyKwasiDebrah\.m2\repository\io\jsonwebtoken\jjwt-jackson\0.11.5\jjwt-jackson-0.11.5.jar
[DEBUG]  C:\Users\AndyKwasiDebrah\.m2\repository\com\fasterxml\jackson\core\jackson-databind\2.15.3\jackson-databind-2.15.3.jar
[DEBUG]  C:\Users\AndyKwasiDebrah\.m2\repository\com\fasterxml\jackson\core\jackson-annotations\2.15.3\jackson-annotations-2.15.3.jar
[DEBUG]  C:\Users\AndyKwasiDebrah\.m2\repository\org\springframework\boot\spring-boot-starter-test\3.2.2\spring-boot-starter-test-3.2.2.jar
[DEBUG]  C:\Users\AndyKwasiDebrah\.m2\repository\org\springframework\boot\spring-boot-test\3.2.2\spring-boot-test-3.2.2.jar
[DEBUG]  C:\Users\AndyKwasiDebrah\.m2\repository\org\springframework\boot\spring-boot-test-autoconfigure\3.2.2\spring-boot-test-autoconfigure-3.2.2.jar
[DEBUG]  C:\Users\AndyKwasiDebrah\.m2\repository\com\jayway\jsonpath\json-path\2.8.0\json-path-2.8.0.jar
[DEBUG]  C:\Users\AndyKwasiDebrah\.m2\repository\jakarta\xml\bind\jakarta.xml.bind-api\4.0.1\jakarta.xml.bind-api-4.0.1.jar
[DEBUG]  C:\Users\AndyKwasiDebrah\.m2\repository\jakarta\activation\jakarta.activation-api\2.1.2\jakarta.activation-api-2.1.2.jar
[DEBUG]  C:\Users\AndyKwasiDebrah\.m2\repository\net\minidev\json-smart\2.5.0\json-smart-2.5.0.jar
[DEBUG]  C:\Users\AndyKwasiDebrah\.m2\repository\net\minidev\accessors-smart\2.5.0\accessors-smart-2.5.0.jar
[DEBUG]  C:\Users\AndyKwasiDebrah\.m2\repository\org\ow2\asm\asm\9.3\asm-9.3.jar
[DEBUG]  C:\Users\AndyKwasiDebrah\.m2\repository\org\assertj\assertj-core\3.24.2\assertj-core-3.24.2.jar
[DEBUG]  C:\Users\AndyKwasiDebrah\.m2\repository\org\awaitility\awaitility\4.2.0\awaitility-4.2.0.jar
[DEBUG]  C:\Users\AndyKwasiDebrah\.m2\repository\org\hamcrest\hamcrest\2.2\hamcrest-2.2.jar
[DEBUG]  C:\Users\AndyKwasiDebrah\.m2\repository\org\junit\jupiter\junit-jupiter\5.10.1\junit-jupiter-5.10.1.jar
[DEBUG]  C:\Users\AndyKwasiDebrah\.m2\repository\org\junit\jupiter\junit-jupiter-api\5.10.1\junit-jupiter-api-5.10.1.jar
[DEBUG]  C:\Users\AndyKwasiDebrah\.m2\repository\org\opentest4j\opentest4j\1.3.0\opentest4j-1.3.0.jar
[DEBUG]  C:\Users\AndyKwasiDebrah\.m2\repository\org\junit\platform\junit-platform-commons\1.10.1\junit-platform-commons-1.10.1.jar
[DEBUG]  C:\Users\AndyKwasiDebrah\.m2\repository\org\apiguardian\apiguardian-api\1.1.2\apiguardian-api-1.1.2.jar
[DEBUG]  C:\Users\AndyKwasiDebrah\.m2\repository\org\junit\jupiter\junit-jupiter-params\5.10.1\junit-jupiter-params-5.10.1.jar
[DEBUG]  C:\Users\AndyKwasiDebrah\.m2\repository\org\junit\jupiter\junit-jupiter-engine\5.10.1\junit-jupiter-engine-5.10.1.jar
[DEBUG]  C:\Users\AndyKwasiDebrah\.m2\repository\org\junit\platform\junit-platform-engine\1.10.1\junit-platform-engine-1.10.1.jar
[DEBUG]  C:\Users\AndyKwasiDebrah\.m2\repository\org\mockito\mockito-core\5.7.0\mockito-core-5.7.0.jar
[DEBUG]  C:\Users\AndyKwasiDebrah\.m2\repository\net\bytebuddy\byte-buddy-agent\1.14.11\byte-buddy-agent-1.14.11.jar
[DEBUG]  C:\Users\AndyKwasiDebrah\.m2\repository\org\objenesis\objenesis\3.3\objenesis-3.3.jar
[DEBUG]  C:\Users\AndyKwasiDebrah\.m2\repository\org\mockito\mockito-junit-jupiter\5.7.0\mockito-junit-jupiter-5.7.0.jar
[DEBUG]  C:\Users\AndyKwasiDebrah\.m2\repository\org\skyscreamer\jsonassert\1.5.1\jsonassert-1.5.1.jar
[DEBUG]  C:\Users\AndyKwasiDebrah\.m2\repository\com\vaadin\external\google\android-json\0.0.20131108.vaadin1\android-json-0.0.20131108.vaadin1.jar
[DEBUG]  C:\Users\AndyKwasiDebrah\.m2\repository\org\springframework\spring-test\6.1.3\spring-test-6.1.3.jar
[DEBUG]  C:\Users\AndyKwasiDebrah\.m2\repository\org\xmlunit\xmlunit-core\2.9.1\xmlunit-core-2.9.1.jar
[DEBUG]  C:\Users\AndyKwasiDebrah\.m2\repository\com\h2database\h2\2.2.224\h2-2.2.224.jar
[DEBUG]  C:\Users\AndyKwasiDebrah\.m2\repository\org\springframework\graphql\spring-graphql-test\1.2.4\spring-graphql-test-1.2.4.jar
[DEBUG]  C:\Users\AndyKwasiDebrah\.m2\repository\com\graphql-java\graphql-java\21.3\graphql-java-21.3.jar
[DEBUG]  C:\Users\AndyKwasiDebrah\.m2\repository\com\graphql-java\java-dataloader\3.2.1\java-dataloader-3.2.1.jar
[DEBUG]  C:\Users\AndyKwasiDebrah\.m2\repository\org\reactivestreams\reactive-streams\1.0.4\reactive-streams-1.0.4.jar
[DEBUG]  C:\Users\AndyKwasiDebrah\.m2\repository\io\projectreactor\reactor-core\3.6.2\reactor-core-3.6.2.jar
[DEBUG]  C:\Users\AndyKwasiDebrah\.m2\repository\org\springframework\spring-context\6.1.3\spring-context-6.1.3.jar
[DEBUG]  C:\Users\AndyKwasiDebrah\.m2\repository\io\rest-assured\rest-assured\5.3.2\rest-assured-5.3.2.jar
[DEBUG]  C:\Users\AndyKwasiDebrah\.m2\repository\org\apache\groovy\groovy\4.0.17\groovy-4.0.17.jar
[DEBUG]  C:\Users\AndyKwasiDebrah\.m2\repository\org\apache\groovy\groovy-xml\4.0.17\groovy-xml-4.0.17.jar
[DEBUG]  C:\Users\AndyKwasiDebrah\.m2\repository\org\apache\httpcomponents\httpclient\4.5.13\httpclient-4.5.13.jar
[DEBUG]  C:\Users\AndyKwasiDebrah\.m2\repository\org\apache\httpcomponents\httpcore\4.4.16\httpcore-4.4.16.jar
[DEBUG]  C:\Users\AndyKwasiDebrah\.m2\repository\commons-logging\commons-logging\1.2\commons-logging-1.2.jar
[DEBUG]  C:\Users\AndyKwasiDebrah\.m2\repository\commons-codec\commons-codec\1.16.0\commons-codec-1.16.0.jar
[DEBUG]  C:\Users\AndyKwasiDebrah\.m2\repository\org\apache\httpcomponents\httpmime\4.5.13\httpmime-4.5.13.jar
[DEBUG]  C:\Users\AndyKwasiDebrah\.m2\repository\org\ccil\cowan\tagsoup\tagsoup\1.2.1\tagsoup-1.2.1.jar
[DEBUG]  C:\Users\AndyKwasiDebrah\.m2\repository\io\rest-assured\json-path\5.3.2\json-path-5.3.2.jar
[DEBUG]  C:\Users\AndyKwasiDebrah\.m2\repository\org\apache\groovy\groovy-json\4.0.17\groovy-json-4.0.17.jar
[DEBUG]  C:\Users\AndyKwasiDebrah\.m2\repository\io\rest-assured\rest-assured-common\5.3.2\rest-assured-common-5.3.2.jar
[DEBUG]  C:\Users\AndyKwasiDebrah\.m2\repository\io\rest-assured\xml-path\5.3.2\xml-path-5.3.2.jar
[DEBUG]  C:\Users\AndyKwasiDebrah\.m2\repository\org\apache\commons\commons-lang3\3.13.0\commons-lang3-3.13.0.jar
[DEBUG]  C:\Users\AndyKwasiDebrah\.m2\repository\org\springframework\boot\spring-boot-starter-aop\3.2.2\spring-boot-starter-aop-3.2.2.jar
[DEBUG]  C:\Users\AndyKwasiDebrah\.m2\repository\org\aspectj\aspectjweaver\1.9.21\aspectjweaver-1.9.21.jar
[DEBUG]  C:\Users\AndyKwasiDebrah\.m2\repository\org\springframework\security\spring-security-test\6.2.1\spring-security-test-6.2.1.jar
[DEBUG]  C:\Users\AndyKwasiDebrah\.m2\repository\org\testcontainers\junit-jupiter\1.18.3\junit-jupiter-1.18.3.jar
[DEBUG]  C:\Users\AndyKwasiDebrah\.m2\repository\org\testcontainers\testcontainers\1.19.3\testcontainers-1.19.3.jar
[DEBUG]  C:\Users\AndyKwasiDebrah\.m2\repository\junit\junit\4.13.2\junit-4.13.2.jar
[DEBUG]  C:\Users\AndyKwasiDebrah\.m2\repository\org\hamcrest\hamcrest-core\2.2\hamcrest-core-2.2.jar
[DEBUG]  C:\Users\AndyKwasiDebrah\.m2\repository\org\apache\commons\commons-compress\1.24.0\commons-compress-1.24.0.jar
[DEBUG]  C:\Users\AndyKwasiDebrah\.m2\repository\org\rnorth\duct-tape\duct-tape\1.0.8\duct-tape-1.0.8.jar
[DEBUG]  C:\Users\AndyKwasiDebrah\.m2\repository\org\jetbrains\annotations\17.0.0\annotations-17.0.0.jar
[DEBUG]  C:\Users\AndyKwasiDebrah\.m2\repository\com\github\docker-java\docker-java-api\3.3.4\docker-java-api-3.3.4.jar
[DEBUG]  C:\Users\AndyKwasiDebrah\.m2\repository\com\github\docker-java\docker-java-transport-zerodep\3.3.4\docker-java-transport-zerodep-3.3.4.jar
[DEBUG]  C:\Users\AndyKwasiDebrah\.m2\repository\com\github\docker-java\docker-java-transport\3.3.4\docker-java-transport-3.3.4.jar
[DEBUG]  C:\Users\AndyKwasiDebrah\.m2\repository\net\java\dev\jna\jna\5.13.0\jna-5.13.0.jar
[DEBUG] Source roots:
[DEBUG]  C:\Users\AndyKwasiDebrah\IdeaProjects\SmartBloggingPlatform\src\test\java
[DEBUG]  C:\Users\AndyKwasiDebrah\IdeaProjects\SmartBloggingPlatform\target\generated-test-sources\test-annotations
[DEBUG] Command line options:
[DEBUG] -d C:\Users\AndyKwasiDebrah\IdeaProjects\SmartBloggingPlatform\target\test-classes -classpath C:\Users\AndyKwasiDebrah\IdeaProjects\SmartBloggingPlatform\target\test-classes;C:\Users\AndyKwasiDebrah\IdeaProjects\SmartBloggingPlatform\target\classes;C:\Users\AndyKwasiDebrah\.m2\repository\org\springframework\boot\spring-boot-starter-web\3.2.2\spring-boot-starter-web-3.2.2.jar;C:\Users\AndyKwasiDebrah\.m2\repository\org\springframework\boot\spring-boot-starter\3.2.2\spring-boot-starter-3.2.2.jar;C:\Users\AndyKwasiDebrah\.m2\repository\org\springframework\boot\spring-boot-starter-logging\3.2.2\spring-boot-starter-logging-3.2.2.jar;C:\Users\AndyKwasiDebrah\.m2\repository\ch\qos\logback\logback-classic\1.4.14\logback-classic-1.4.14.jar;C:\Users\AndyKwasiDebrah\.m2\repository\ch\qos\logback\logback-core\1.4.14\logback-core-1.4.14.jar;C:\Users\AndyKwasiDebrah\.m2\repository\org\apache\logging\log4j\log4j-to-slf4j\2.21.1\log4j-to-slf4j-2.21.1.jar;C:\Users\AndyKwasiDebrah\.m2\repository\org\apache\logging\log4j\log4j-api\2.21.1\log4j-api-2.21.1.jar;C:\Users\AndyKwasiDebrah\.m2\repository\org\slf4j\jul-to-slf4j\2.0.11\jul-to-slf4j-2.0.11.jar;C:\Users\AndyKwasiDebrah\.m2\repository\jakarta\annotation\jakarta.annotation-api\2.1.1\jakarta.annotation-api-2.1.1.jar;C:\Users\AndyKwasiDebrah\.m2\repository\org\yaml\snakeyaml\2.2\snakeyaml-2.2.jar;C:\Users\AndyKwasiDebrah\.m2\repository\org\springframework\boot\spring-boot-starter-json\3.2.2\spring-boot-starter-json-3.2.2.jar;C:\Users\AndyKwasiDebrah\.m2\repository\com\fasterxml\jackson\datatype\jackson-datatype-jdk8\2.15.3\jackson-datatype-jdk8-2.15.3.jar;C:\Users\AndyKwasiDebrah\.m2\repository\com\fasterxml\jackson\datatype\jackson-datatype-jsr310\2.15.3\jackson-datatype-jsr310-2.15.3.jar;C:\Users\AndyKwasiDebrah\.m2\repository\com\fasterxml\jackson\module\jackson-module-parameter-names\2.15.3\jackson-module-parameter-names-2.15.3.jar;C:\Users\AndyKwasiDebrah\.m2\repository\org\springframework\boot\spring-boot-starter-tomcat\3.2.2\spring-boot-starter-tomcat-3.2.2.jar;C:\Users\AndyKwasiDebrah\.m2\repository\org\apache\tomcat\embed\tomcat-embed-core\10.1.18\tomcat-embed-core-10.1.18.jar;C:\Users\AndyKwasiDebrah\.m2\repository\org\apache\tomcat\embed\tomcat-embed-websocket\10.1.18\tomcat-embed-websocket-10.1.18.jar;C:\Users\AndyKwasiDebrah\.m2\repository\org\springframework\spring-web\6.1.3\spring-web-6.1.3.jar;C:\Users\AndyKwasiDebrah\.m2\repository\org\springframework\spring-beans\6.1.3\spring-beans-6.1.3.jar;C:\Users\AndyKwasiDebrah\.m2\repository\io\micrometer\micrometer-observation\1.12.2\micrometer-observation-1.12.2.jar;C:\Users\AndyKwasiDebrah\.m2\repository\io\micrometer\micrometer-commons\1.12.2\micrometer-commons-1.12.2.jar;C:\Users\AndyKwasiDebrah\.m2\repository\org\springframework\spring-webmvc\6.1.3\spring-webmvc-6.1.3.jar;C:\Users\AndyKwasiDebrah\.m2\repository\org\springframework\spring-expression\6.1.3\spring-expression-6.1.3.jar;C:\Users\AndyKwasiDebrah\.m2\repository\org\springframework\boot\spring-boot-starter-data-jpa\3.2.2\spring-boot-starter-data-jpa-3.2.2.jar;C:\Users\AndyKwasiDebrah\.m2\repository\org\springframework\boot\spring-boot-starter-jdbc\3.2.2\spring-boot-starter-jdbc-3.2.2.jar;C:\Users\AndyKwasiDebrah\.m2\repository\com\zaxxer\HikariCP\5.0.1\HikariCP-5.0.1.jar;C:\Users\AndyKwasiDebrah\.m2\repository\org\springframework\spring-jdbc\6.1.3\spring-jdbc-6.1.3.jar;C:\Users\AndyKwasiDebrah\.m2\repository\org\hibernate\orm\hibernate-core\6.4.1.Final\hibernate-core-6.4.1.Final.jar;C:\Users\AndyKwasiDebrah\.m2\repository\jakarta\persistence\jakarta.persistence-api\3.1.0\jakarta.persistence-api-3.1.0.jar;C:\Users\AndyKwasiDebrah\.m2\repository\jakarta\transaction\jakarta.transaction-api\2.0.1\jakarta.transaction-api-2.0.1.jar;C:\Users\AndyKwasiDebrah\.m2\repository\org\jboss\logging\jboss-logging\3.5.3.Final\jboss-logging-3.5.3.Final.jar;C:\Users\AndyKwasiDebrah\.m2\repository\org\hibernate\common\hibernate-commons-annotations\6.0.6.Final\hibernate-commons-annotations-6.0.6.Final.jar;C:\Users\AndyKwasiDebrah\.m2\repository\io\smallrye\jandex\3.1.2\jandex-3.1.2.jar;C:\Users\AndyKwasiDebrah\.m2\repository\com\fasterxml\classmate\1.6.0\classmate-1.6.0.jar;C:\Users\AndyKwasiDebrah\.m2\repository\net\bytebuddy\byte-buddy\1.14.11\byte-buddy-1.14.11.jar;C:\Users\AndyKwasiDebrah\.m2\repository\org\glassfish\jaxb\jaxb-runtime\4.0.4\jaxb-runtime-4.0.4.jar;C:\Users\AndyKwasiDebrah\.m2\repository\org\glassfish\jaxb\jaxb-core\4.0.4\jaxb-core-4.0.4.jar;C:\Users\AndyKwasiDebrah\.m2\repository\org\eclipse\angus\angus-activation\2.0.1\angus-activation-2.0.1.jar;C:\Users\AndyKwasiDebrah\.m2\repository\org\glassfish\jaxb\txw2\4.0.4\txw2-4.0.4.jar;C:\Users\AndyKwasiDebrah\.m2\repository\com\sun\istack\istack-commons-runtime\4.1.2\istack-commons-runtime-4.1.2.jar;C:\Users\AndyKwasiDebrah\.m2\repository\jakarta\inject\jakarta.inject-api\2.0.1\jakarta.inject-api-2.0.1.jar;C:\Users\AndyKwasiDebrah\.m2\repository\org\antlr\antlr4-runtime\4.13.0\antlr4-runtime-4.13.0.jar;C:\Users\AndyKwasiDebrah\.m2\repository\org\springframework\data\spring-data-jpa\3.2.2\spring-data-jpa-3.2.2.jar;C:\Users\AndyKwasiDebrah\.m2\repository\org\springframework\data\spring-data-commons\3.2.2\spring-data-commons-3.2.2.jar;C:\Users\AndyKwasiDebrah\.m2\repository\org\springframework\spring-orm\6.1.3\spring-orm-6.1.3.jar;C:\Users\AndyKwasiDebrah\.m2\repository\org\springframework\spring-tx\6.1.3\spring-tx-6.1.3.jar;C:\Users\AndyKwasiDebrah\.m2\repository\org\slf4j\slf4j-api\2.0.11\slf4j-api-2.0.11.jar;C:\Users\AndyKwasiDebrah\.m2\repository\org\springframework\spring-aspects\6.1.3\spring-aspects-6.1.3.jar;C:\Users\AndyKwasiDebrah\.m2\repository\org\springframework\boot\spring-boot-starter-validation\3.2.2\spring-boot-starter-validation-3.2.2.jar;C:\Users\AndyKwasiDebrah\.m2\repository\org\apache\tomcat\embed\tomcat-embed-el\10.1.18\tomcat-embed-el-10.1.18.jar;C:\Users\AndyKwasiDebrah\.m2\repository\org\hibernate\validator\hibernate-validator\8.0.1.Final\hibernate-validator-8.0.1.Final.jar;C:\Users\AndyKwasiDebrah\.m2\repository\jakarta\validation\jakarta.validation-api\3.0.2\jakarta.validation-api-3.0.2.jar;C:\Users\AndyKwasiDebrah\.m2\repository\org\springframework\boot\spring-boot-starter-cache\3.2.2\spring-boot-starter-cache-3.2.2.jar;C:\Users\AndyKwasiDebrah\.m2\repository\org\springframework\spring-context-support\6.1.3\spring-context-support-6.1.3.jar;C:\Users\AndyKwasiDebrah\.m2\repository\org\springdoc\springdoc-openapi-starter-webmvc-ui\2.3.0\springdoc-openapi-starter-webmvc-ui-2.3.0.jar;C:\Users\AndyKwasiDebrah\.m2\repository\org\springdoc\springdoc-openapi-starter-webmvc-api\2.3.0\springdoc-openapi-starter-webmvc-api-2.3.0.jar;C:\Users\AndyKwasiDebrah\.m2\repository\org\springdoc\springdoc-openapi-starter-common\2.3.0\springdoc-openapi-starter-common-2.3.0.jar;C:\Users\AndyKwasiDebrah\.m2\repository\io\swagger\core\v3\swagger-core-jakarta\2.2.19\swagger-core-jakarta-2.2.19.jar;C:\Users\AndyKwasiDebrah\.m2\repository\io\swagger\core\v3\swagger-annotations-jakarta\2.2.19\swagger-annotations-jakarta-2.2.19.jar;C:\Users\AndyKwasiDebrah\.m2\repository\io\swagger\core\v3\swagger-models-jakarta\2.2.19\swagger-models-jakarta-2.2.19.jar;C:\Users\AndyKwasiDebrah\.m2\repository\com\fasterxml\jackson\dataformat\jackson-dataformat-yaml\2.15.3\jackson-dataformat-yaml-2.15.3.jar;C:\Users\AndyKwasiDebrah\.m2\repository\org\webjars\swagger-ui\5.10.3\swagger-ui-5.10.3.jar;C:\Users\AndyKwasiDebrah\.m2\repository\com\mysql\mysql-connector-j\8.3.0\mysql-connector-j-8.3.0.jar;C:\Users\AndyKwasiDebrah\.m2\repository\org\flywaydb\flyway-core\9.22.3\flyway-core-9.22.3.jar;C:\Users\AndyKwasiDebrah\.m2\repository\com\fasterxml\jackson\dataformat\jackson-dataformat-toml\2.15.3\jackson-dataformat-toml-2.15.3.jar;C:\Users\AndyKwasiDebrah\.m2\repository\com\fasterxml\jackson\core\jackson-core\2.15.3\jackson-core-2.15.3.jar;C:\Users\AndyKwasiDebrah\.m2\repository\com\google\code\gson\gson\2.10.1\gson-2.10.1.jar;C:\Users\AndyKwasiDebrah\.m2\repository\org\flywaydb\flyway-mysql\9.22.3\flyway-mysql-9.22.3.jar;C:\Users\AndyKwasiDebrah\.m2\repository\org\projectlombok\lombok\1.18.38\lombok-1.18.38.jar;C:\Users\AndyKwasiDebrah\.m2\repository\org\mindrot\jbcrypt\0.4\jbcrypt-0.4.jar;C:\Users\AndyKwasiDebrah\.m2\repository\com\github\ben-manes\caffeine\caffeine\3.1.8\caffeine-3.1.8.jar;C:\Users\AndyKwasiDebrah\.m2\repository\org\checkerframework\checker-qual\3.37.0\checker-qual-3.37.0.jar;C:\Users\AndyKwasiDebrah\.m2\repository\com\google\errorprone\error_prone_annotations\2.21.1\error_prone_annotations-2.21.1.jar;C:\Users\AndyKwasiDebrah\.m2\repository\org\springframework\boot\spring-boot-starter-graphql\3.2.2\spring-boot-starter-graphql-3.2.2.jar;C:\Users\AndyKwasiDebrah\.m2\repository\org\springframework\graphql\spring-graphql\1.2.4\spring-graphql-1.2.4.jar;C:\Users\AndyKwasiDebrah\.m2\repository\io\micrometer\context-propagation\1.0.6\context-propagation-1.0.6.jar;C:\Users\AndyKwasiDebrah\.m2\repository\org\springframework\boot\spring-boot-starter-data-redis\3.2.2\spring-boot-starter-data-redis-3.2.2.jar;C:\Users\AndyKwasiDebrah\.m2\repository\io\lettuce\lettuce-core\6.3.1.RELEASE\lettuce-core-6.3.1.RELEASE.jar;C:\Users\AndyKwasiDebrah\.m2\repository\io\netty\netty-common\4.1.105.Final\netty-common-4.1.105.Final.jar;C:\Users\AndyKwasiDebrah\.m2\repository\io\netty\netty-handler\4.1.105.Final\netty-handler-4.1.105.Final.jar;C:\Users\AndyKwasiDebrah\.m2\repository\io\netty\netty-resolver\4.1.105.Final\netty-resolver-4.1.105.Final.jar;C:\Users\AndyKwasiDebrah\.m2\repository\io\netty\netty-buffer\4.1.105.Final\netty-buffer-4.1.105.Final.jar;C:\Users\AndyKwasiDebrah\.m2\repository\io\netty\netty-transport-native-unix-common\4.1.105.Final\netty-transport-native-unix-common-4.1.105.Final.jar;C:\Users\AndyKwasiDebrah\.m2\repository\io\netty\netty-codec\4.1.105.Final\netty-codec-4.1.105.Final.jar;C:\Users\AndyKwasiDebrah\.m2\repository\io\netty\netty-transport\4.1.105.Final\netty-transport-4.1.105.Final.jar;C:\Users\AndyKwasiDebrah\.m2\repository\org\springframework\data\spring-data-redis\3.2.2\spring-data-redis-3.2.2.jar;C:\Users\AndyKwasiDebrah\.m2\repository\org\springframework\data\spring-data-keyvalue\3.2.2\spring-data-keyvalue-3.2.2.jar;C:\Users\AndyKwasiDebrah\.m2\repository\org\springframework\spring-oxm\6.1.3\spring-oxm-6.1.3.jar;C:\Users\AndyKwasiDebrah\.m2\repository\org\mongodb\mongodb-driver-sync\4.11.1\mongodb-driver-sync-4.11.1.jar;C:\Users\AndyKwasiDebrah\.m2\repository\org\mongodb\bson\4.11.1\bson-4.11.1.jar;C:\Users\AndyKwasiDebrah\.m2\repository\org\mongodb\mongodb-driver-core\4.11.1\mongodb-driver-core-4.11.1.jar;C:\Users\AndyKwasiDebrah\.m2\repository\org\mongodb\bson-record-codec\4.11.1\bson-record-codec-4.11.1.jar;C:\Users\AndyKwasiDebrah\.m2\repository\org\springframework\boot\spring-boot-devtools\3.2.2\spring-boot-devtools-3.2.2.jar;C:\Users\AndyKwasiDebrah\.m2\repository\org\springframework\boot\spring-boot\3.2.2\spring-boot-3.2.2.jar;C:\Users\AndyKwasiDebrah\.m2\repository\org\springframework\boot\spring-boot-autoconfigure\3.2.2\spring-boot-autoconfigure-3.2.2.jar;C:\Users\AndyKwasiDebrah\.m2\repository\org\springframework\boot\spring-boot-starter-security\3.2.2\spring-boot-starter-security-3.2.2.jar;C:\Users\AndyKwasiDebrah\.m2\repository\org\springframework\spring-aop\6.1.3\spring-aop-6.1.3.jar;C:\Users\AndyKwasiDebrah\.m2\repository\org\springframework\security\spring-security-config\6.2.1\spring-security-config-6.2.1.jar;C:\Users\AndyKwasiDebrah\.m2\repository\org\springframework\security\spring-security-web\6.2.1\spring-security-web-6.2.1.jar;C:\Users\AndyKwasiDebrah\.m2\repository\org\springframework\boot\spring-boot-starter-oauth2-client\3.2.2\spring-boot-starter-oauth2-client-3.2.2.jar;C:\Users\AndyKwasiDebrah\.m2\repository\org\springframework\security\spring-security-core\6.2.1\spring-security-core-6.2.1.jar;C:\Users\AndyKwasiDebrah\.m2\repository\org\springframework\security\spring-security-crypto\6.2.1\spring-security-crypto-6.2.1.jar;C:\Users\AndyKwasiDebrah\.m2\repository\org\springframework\security\spring-security-oauth2-client\6.2.1\spring-security-oauth2-client-6.2.1.jar;C:\Users\AndyKwasiDebrah\.m2\repository\com\nimbusds\oauth2-oidc-sdk\9.43.3\oauth2-oidc-sdk-9.43.3.jar;C:\Users\AndyKwasiDebrah\.m2\repository\com\nimbusds\content-type\2.2\content-type-2.2.jar;C:\Users\AndyKwasiDebrah\.m2\repository\com\nimbusds\lang-tag\1.7\lang-tag-1.7.jar;C:\Users\AndyKwasiDebrah\.m2\repository\org\springframework\security\spring-security-oauth2-jose\6.2.1\spring-security-oauth2-jose-6.2.1.jar;C:\Users\AndyKwasiDebrah\.m2\repository\org\springframework\security\spring-security-oauth2-core\6.2.1\spring-security-oauth2-core-6.2.1.jar;C:\Users\AndyKwasiDebrah\.m2\repository\org\springframework\spring-core\6.1.3\spring-core-6.1.3.jar;C:\Users\AndyKwasiDebrah\.m2\repository\org\springframework\spring-jcl\6.1.3\spring-jcl-6.1.3.jar;C:\Users\AndyKwasiDebrah\.m2\repository\com\nimbusds\nimbus-jose-jwt\9.24.4\nimbus-jose-jwt-9.24.4.jar;C:\Users\AndyKwasiDebrah\.m2\repository\com\github\stephenc\jcip\jcip-annotations\1.0-1\jcip-annotations-1.0-1.jar;C:\Users\AndyKwasiDebrah\.m2\repository\io\jsonwebtoken\jjwt-api\0.11.5\jjwt-api-0.11.5.jar;C:\Users\AndyKwasiDebrah\.m2\repository\io\jsonwebtoken\jjwt-impl\0.11.5\jjwt-impl-0.11.5.jar;C:\Users\AndyKwasiDebrah\.m2\repository\io\jsonwebtoken\jjwt-jackson\0.11.5\jjwt-jackson-0.11.5.jar;C:\Users\AndyKwasiDebrah\.m2\repository\com\fasterxml\jackson\core\jackson-databind\2.15.3\jackson-databind-2.15.3.jar;C:\Users\AndyKwasiDebrah\.m2\repository\com\fasterxml\jackson\core\jackson-annotations\2.15.3\jackson-annotations-2.15.3.jar;C:\Users\AndyKwasiDebrah\.m2\repository\org\springframework\boot\spring-boot-starter-test\3.2.2\spring-boot-starter-test-3.2.2.jar;C:\Users\AndyKwasiDebrah\.m2\repository\org\springframework\boot\spring-boot-test\3.2.2\spring-boot-test-3.2.2.jar;C:\Users\AndyKwasiDebrah\.m2\repository\org\springframework\boot\spring-boot-test-autoconfigure\3.2.2\spring-boot-test-autoconfigure-3.2.2.jar;C:\Users\AndyKwasiDebrah\.m2\repository\com\jayway\jsonpath\json-path\2.8.0\json-path-2.8.0.jar;C:\Users\AndyKwasiDebrah\.m2\repository\jakarta\xml\bind\jakarta.xml.bind-api\4.0.1\jakarta.xml.bind-api-4.0.1.jar;C:\Users\AndyKwasiDebrah\.m2\repository\jakarta\activation\jakarta.activation-api\2.1.2\jakarta.activation-api-2.1.2.jar;C:\Users\AndyKwasiDebrah\.m2\repository\net\minidev\json-smart\2.5.0\json-smart-2.5.0.jar;C:\Users\AndyKwasiDebrah\.m2\repository\net\minidev\accessors-smart\2.5.0\accessors-smart-2.5.0.jar;C:\Users\AndyKwasiDebrah\.m2\repository\org\ow2\asm\asm\9.3\asm-9.3.jar;C:\Users\AndyKwasiDebrah\.m2\repository\org\assertj\assertj-core\3.24.2\assertj-core-3.24.2.jar;C:\Users\AndyKwasiDebrah\.m2\repository\org\awaitility\awaitility\4.2.0\awaitility-4.2.0.jar;C:\Users\AndyKwasiDebrah\.m2\repository\org\hamcrest\hamcrest\2.2\hamcrest-2.2.jar;C:\Users\AndyKwasiDebrah\.m2\repository\org\junit\jupiter\junit-jupiter\5.10.1\junit-jupiter-5.10.1.jar;C:\Users\AndyKwasiDebrah\.m2\repository\org\junit\jupiter\junit-jupiter-api\5.10.1\junit-jupiter-api-5.10.1.jar;C:\Users\AndyKwasiDebrah\.m2\repository\org\opentest4j\opentest4j\1.3.0\opentest4j-1.3.0.jar;C:\Users\AndyKwasiDebrah\.m2\repository\org\junit\platform\junit-platform-commons\1.10.1\junit-platform-commons-1.10.1.jar;C:\Users\AndyKwasiDebrah\.m2\repository\org\apiguardian\apiguardian-api\1.1.2\apiguardian-api-1.1.2.jar;C:\Users\AndyKwasiDebrah\.m2\repository\org\junit\jupiter\junit-jupiter-params\5.10.1\junit-jupiter-params-5.10.1.jar;C:\Users\AndyKwasiDebrah\.m2\repository\org\junit\jupiter\junit-jupiter-engine\5.10.1\junit-jupiter-engine-5.10.1.jar;C:\Users\AndyKwasiDebrah\.m2\repository\org\junit\platform\junit-platform-engine\1.10.1\junit-platform-engine-1.10.1.jar;C:\Users\AndyKwasiDebrah\.m2\repository\org\mockito\mockito-core\5.7.0\mockito-core-5.7.0.jar;C:\Users\AndyKwasiDebrah\.m2\repository\net\bytebuddy\byte-buddy-agent\1.14.11\byte-buddy-agent-1.14.11.jar;C:\Users\AndyKwasiDebrah\.m2\repository\org\objenesis\objenesis\3.3\objenesis-3.3.jar;C:\Users\AndyKwasiDebrah\.m2\repository\org\mockito\mockito-junit-jupiter\5.7.0\mockito-junit-jupiter-5.7.0.jar;C:\Users\AndyKwasiDebrah\.m2\repository\org\skyscreamer\jsonassert\1.5.1\jsonassert-1.5.1.jar;C:\Users\AndyKwasiDebrah\.m2\repository\com\vaadin\external\google\android-json\0.0.20131108.vaadin1\android-json-0.0.20131108.vaadin1.jar;C:\Users\AndyKwasiDebrah\.m2\repository\org\springframework\spring-test\6.1.3\spring-test-6.1.3.jar;C:\Users\AndyKwasiDebrah\.m2\repository\org\xmlunit\xmlunit-core\2.9.1\xmlunit-core-2.9.1.jar;C:\Users\AndyKwasiDebrah\.m2\repository\com\h2database\h2\2.2.224\h2-2.2.224.jar;C:\Users\AndyKwasiDebrah\.m2\repository\org\springframework\graphql\spring-graphql-test\1.2.4\spring-graphql-test-1.2.4.jar;C:\Users\AndyKwasiDebrah\.m2\repository\com\graphql-java\graphql-java\21.3\graphql-java-21.3.jar;C:\Users\AndyKwasiDebrah\.m2\repository\com\graphql-java\java-dataloader\3.2.1\java-dataloader-3.2.1.jar;C:\Users\AndyKwasiDebrah\.m2\repository\org\reactivestreams\reactive-streams\1.0.4\reactive-streams-1.0.4.jar;C:\Users\AndyKwasiDebrah\.m2\repository\io\projectreactor\reactor-core\3.6.2\reactor-core-3.6.2.jar;C:\Users\AndyKwasiDebrah\.m2\repository\org\springframework\spring-context\6.1.3\spring-context-6.1.3.jar;C:\Users\AndyKwasiDebrah\.m2\repository\io\rest-assured\rest-assured\5.3.2\rest-assured-5.3.2.jar;C:\Users\AndyKwasiDebrah\.m2\repository\org\apache\groovy\groovy\4.0.17\groovy-4.0.17.jar;C:\Users\AndyKwasiDebrah\.m2\repository\org\apache\groovy\groovy-xml\4.0.17\groovy-xml-4.0.17.jar;C:\Users\AndyKwasiDebrah\.m2\repository\org\apache\httpcomponents\httpclient\4.5.13\httpclient-4.5.13.jar;C:\Users\AndyKwasiDebrah\.m2\repository\org\apache\httpcomponents\httpcore\4.4.16\httpcore-4.4.16.jar;C:\Users\AndyKwasiDebrah\.m2\repository\commons-logging\commons-logging\1.2\commons-logging-1.2.jar;C:\Users\AndyKwasiDebrah\.m2\repository\commons-codec\commons-codec\1.16.0\commons-codec-1.16.0.jar;C:\Users\AndyKwasiDebrah\.m2\repository\org\apache\httpcomponents\httpmime\4.5.13\httpmime-4.5.13.jar;C:\Users\AndyKwasiDebrah\.m2\repository\org\ccil\cowan\tagsoup\tagsoup\1.2.1\tagsoup-1.2.1.jar;C:\Users\AndyKwasiDebrah\.m2\repository\io\rest-assured\json-path\5.3.2\json-path-5.3.2.jar;C:\Users\AndyKwasiDebrah\.m2\repository\org\apache\groovy\groovy-json\4.0.17\groovy-json-4.0.17.jar;C:\Users\AndyKwasiDebrah\.m2\repository\io\rest-assured\rest-assured-common\5.3.2\rest-assured-common-5.3.2.jar;C:\Users\AndyKwasiDebrah\.m2\repository\io\rest-assured\xml-path\5.3.2\xml-path-5.3.2.jar;C:\Users\AndyKwasiDebrah\.m2\repository\org\apache\commons\commons-lang3\3.13.0\commons-lang3-3.13.0.jar;C:\Users\AndyKwasiDebrah\.m2\repository\org\springframework\boot\spring-boot-starter-aop\3.2.2\spring-boot-starter-aop-3.2.2.jar;C:\Users\AndyKwasiDebrah\.m2\repository\org\aspectj\aspectjweaver\1.9.21\aspectjweaver-1.9.21.jar;C:\Users\AndyKwasiDebrah\.m2\repository\org\springframework\security\spring-security-test\6.2.1\spring-security-test-6.2.1.jar;C:\Users\AndyKwasiDebrah\.m2\repository\org\testcontainers\junit-jupiter\1.18.3\junit-jupiter-1.18.3.jar;C:\Users\AndyKwasiDebrah\.m2\repository\org\testcontainers\testcontainers\1.19.3\testcontainers-1.19.3.jar;C:\Users\AndyKwasiDebrah\.m2\repository\junit\junit\4.13.2\junit-4.13.2.jar;C:\Users\AndyKwasiDebrah\.m2\repository\org\hamcrest\hamcrest-core\2.2\hamcrest-core-2.2.jar;C:\Users\AndyKwasiDebrah\.m2\repository\org\apache\commons\commons-compress\1.24.0\commons-compress-1.24.0.jar;C:\Users\AndyKwasiDebrah\.m2\repository\org\rnorth\duct-tape\duct-tape\1.0.8\duct-tape-1.0.8.jar;C:\Users\AndyKwasiDebrah\.m2\repository\org\jetbrains\annotations\17.0.0\annotations-17.0.0.jar;C:\Users\AndyKwasiDebrah\.m2\repository\com\github\docker-java\docker-java-api\3.3.4\docker-java-api-3.3.4.jar;C:\Users\AndyKwasiDebrah\.m2\repository\com\github\docker-java\docker-java-transport-zerodep\3.3.4\docker-java-transport-zerodep-3.3.4.jar;C:\Users\AndyKwasiDebrah\.m2\repository\com\github\docker-java\docker-java-transport\3.3.4\docker-java-transport-3.3.4.jar;C:\Users\AndyKwasiDebrah\.m2\repository\net\java\dev\jna\jna\5.13.0\jna-5.13.0.jar; -sourcepath C:\Users\AndyKwasiDebrah\IdeaProjects\SmartBloggingPlatform\src\test\java;C:\Users\AndyKwasiDebrah\IdeaProjects\SmartBloggingPlatform\target\generated-test-sources\test-annotations; C:\Users\AndyKwasiDebrah\IdeaProjects\SmartBloggingPlatform\src\test\java\com\smartblog\aop\CrossCuttingAspectTest.java C:\Users\AndyKwasiDebrah\IdeaProjects\SmartBloggingPlatform\src\test\java\com\smartblog\application\service\PostServiceTransactionTest.java C:\Users\AndyKwasiDebrah\IdeaProjects\SmartBloggingPlatform\src\test\java\com\smartblog\application\service\PropagationTransactionTest.java C:\Users\AndyKwasiDebrah\IdeaProjects\SmartBloggingPlatform\src\test\java\com\smartblog\application\service\TestUserServiceImpl.java C:\Users\AndyKwasiDebrah\IdeaProjects\SmartBloggingPlatform\src\test\java\com\smartblog\application\service\TestUserServiceImplProfileTest.java C:\Users\AndyKwasiDebrah\IdeaProjects\SmartBloggingPlatform\src\test\java\com\smartblog\application\service\TestUserServiceImplTest.java C:\Users\AndyKwasiDebrah\IdeaProjects\SmartBloggingPlatform\src\test\java\com\smartblog\application\util\PerfTest.java C:\Users\AndyKwasiDebrah\IdeaProjects\SmartBloggingPlatform\src\test\java\com\smartblog\application\util\PerformanceBenchmarkExtraTest.java C:\Users\AndyKwasiDebrah\IdeaProjects\SmartBloggingPlatform\src\test\java\com\smartblog\application\util\PerformanceBenchmarkTest.java C:\Users\AndyKwasiDebrah\IdeaProjects\SmartBloggingPlatform\src\test\java\com\smartblog\application\util\SlugUtilTest.java C:\Users\AndyKwasiDebrah\IdeaProjects\SmartBloggingPlatform\src\test\java\com\smartblog\application\validation\UniqueValidatorsTest.java C:\Users\AndyKwasiDebrah\IdeaProjects\SmartBloggingPlatform\src\test\java\com\smartblog\auth\OAuth2AuthenticationSuccessHandlerTest.java C:\Users\AndyKwasiDebrah\IdeaProjects\SmartBloggingPlatform\src\test\java\com\smartblog\auth\OAuth2RBACTest.java C:\Users\AndyKwasiDebrah\IdeaProjects\SmartBloggingPlatform\src\test\java\com\smartblog\auth\OAuth2UserServiceImplTest.java C:\Users\AndyKwasiDebrah\IdeaProjects\SmartBloggingPlatform\src\test\java\com\smartblog\cache\CachingIntegrationTest.java C:\Users\AndyKwasiDebrah\IdeaProjects\SmartBloggingPlatform\src\test\java\com\smartblog\cache\CachingPerformanceTest.java C:\Users\AndyKwasiDebrah\IdeaProjects\SmartBloggingPlatform\src\test\java\com\smartblog\cache\EvictionAndPagedBenchmarkTest.java C:\Users\AndyKwasiDebrah\IdeaProjects\SmartBloggingPlatform\src\test\java\com\smartblog\infrastructure\repository\jpa\PostJpaRepositoryTest.java C:\Users\AndyKwasiDebrah\IdeaProjects\SmartBloggingPlatform\src\test\java\com\smartblog\security\CorsSecurityIntegrationTest.java C:\Users\AndyKwasiDebrah\IdeaProjects\SmartBloggingPlatform\src\test\java\com\smartblog\security\JwtTokenValidationIntegrationTest.java C:\Users\AndyKwasiDebrah\IdeaProjects\SmartBloggingPlatform\src\test\java\com\smartblog\security\ProtectedControllerRBACTest.java C:\Users\AndyKwasiDebrah\IdeaProjects\SmartBloggingPlatform\src\test\java\com\smartblog\security\RefreshTokenRedisIntegrationTest.java C:\Users\AndyKwasiDebrah\IdeaProjects\SmartBloggingPlatform\src\test\java\com\smartblog\web\FormCsrfIntegrationTest.java -s C:\Users\AndyKwasiDebrah\IdeaProjects\SmartBloggingPlatform\target\generated-test-sources\test-annotations -processorpath C:\Users\AndyKwasiDebrah\.m2\repository\org\projectlombok\lombok\1.18.38\lombok-1.18.38.jar; -g -parameters --release 21 -encoding UTF-8 -parameters
[DEBUG] incrementalBuildHelper#beforeRebuildExecution
[INFO] Compiling 23 source files with javac [forked debug parameters release 21] to target\test-classes
[DEBUG] incrementalBuildHelper#afterRebuildExecution
[INFO] -------------------------------------------------------------
[ERROR] COMPILATION ERROR : 
[INFO] -------------------------------------------------------------
[ERROR] Picked up JAVA_TOOL_OPTIONS: -Dstdout.encoding=UTF-8 -Dstderr.encoding=UTF-8
WARNING: A terminally deprecated method in sun.misc.Unsafe has been called
WARNING: sun.misc.Unsafe:objectFieldOffset has been called by lombok.permit.Permit
WARNING: Please consider reporting this to the maintainers of class lombok.permit.Permit
WARNING: sun.misc.Unsafe:objectFieldOffset will be removed in a future release
C:\Users\AndyKwasiDebrah\IdeaProjects\SmartBloggingPlatform\src\test\java\com\smartblog\auth\OAuth2UserServiceImplTest.java:[42,36] error: cannot access UserJpaRepository
  class file for UserJpaRepository not found
[INFO] 1 error
[INFO] -------------------------------------------------------------
[INFO] ------------------------------------------------------------------------
[INFO] BUILD FAILURE
[INFO] ------------------------------------------------------------------------
[INFO] Total time:  8.183 s
[INFO] Finished at: 2026-02-25T11:05:01Z
[INFO] ------------------------------------------------------------------------
[ERROR] Failed to execute goal org.apache.maven.plugins:maven-compiler-plugin:3.13.0:testCompile (default-testCompile) on project SmartBloggingPlatform: Compilation failure
[ERROR] Picked up JAVA_TOOL_OPTIONS: -Dstdout.encoding=UTF-8 -Dstderr.encoding=UTF-8
[ERROR] WARNING: A terminally deprecated method in sun.misc.Unsafe has been called
[ERROR] WARNING: sun.misc.Unsafe:objectFieldOffset has been called by lombok.permit.Permit
[ERROR] WARNING: Please consider reporting this to the maintainers of class lombok.permit.Permit
[ERROR] WARNING: sun.misc.Unsafe:objectFieldOffset will be removed in a future release
[ERROR] C:\Users\AndyKwasiDebrah\IdeaProjects\SmartBloggingPlatform\src\test\java\com\smartblog\auth\OAuth2UserServiceImplTest.java:[42,36] error: cannot access UserJpaRepository
[ERROR]   class file for UserJpaRepository not found
[ERROR] 
[ERROR] -> [Help 1]
org.apache.maven.lifecycle.LifecycleExecutionException: Failed to execute goal org.apache.maven.plugins:maven-compiler-plugin:3.13.0:testCompile (default-testCompile) on project SmartBloggingPlatform: Compilation failure
Picked up JAVA_TOOL_OPTIONS: -Dstdout.encoding=UTF-8 -Dstderr.encoding=UTF-8
WARNING: A terminally deprecated method in sun.misc.Unsafe has been called
WARNING: sun.misc.Unsafe:objectFieldOffset has been called by lombok.permit.Permit
WARNING: Please consider reporting this to the maintainers of class lombok.permit.Permit
WARNING: sun.misc.Unsafe:objectFieldOffset will be removed in a future release
C:\Users\AndyKwasiDebrah\IdeaProjects\SmartBloggingPlatform\src\test\java\com\smartblog\auth\OAuth2UserServiceImplTest.java:[42,36] error: cannot access UserJpaRepository
  class file for UserJpaRepository not found

    at org.apache.maven.lifecycle.internal.MojoExecutor.doExecute2 (MojoExecutor.java:333)
    at org.apache.maven.lifecycle.internal.MojoExecutor.doExecute (MojoExecutor.java:316)
    at org.apache.maven.lifecycle.internal.MojoExecutor.execute (MojoExecutor.java:212)
    at org.apache.maven.lifecycle.internal.MojoExecutor.execute (MojoExecutor.java:174)
    at org.apache.maven.lifecycle.internal.MojoExecutor.access$000 (MojoExecutor.java:75)
    at org.apache.maven.lifecycle.internal.MojoExecutor$1.run (MojoExecutor.java:162)
    at org.apache.maven.plugin.DefaultMojosExecutionStrategy.execute (DefaultMojosExecutionStrategy.java:39)
    at org.apache.maven.lifecycle.internal.MojoExecutor.execute (MojoExecutor.java:159)
    at org.apache.maven.lifecycle.internal.LifecycleModuleBuilder.buildProject (LifecycleModuleBuilder.java:105)
    at org.apache.maven.lifecycle.internal.LifecycleModuleBuilder.buildProject (LifecycleModuleBuilder.java:73)
    at org.apache.maven.lifecycle.internal.builder.singlethreaded.SingleThreadedBuilder.build (SingleThreadedBuilder.java:53)
    at org.apache.maven.lifecycle.internal.LifecycleStarter.execute (LifecycleStarter.java:118)
    at org.apache.maven.DefaultMaven.doExecute (DefaultMaven.java:261)
    at org.apache.maven.DefaultMaven.doExecute (DefaultMaven.java:173)
    at org.apache.maven.DefaultMaven.execute (DefaultMaven.java:101)
    at org.apache.maven.cli.MavenCli.execute (MavenCli.java:919)
    at org.apache.maven.cli.MavenCli.doMain (MavenCli.java:285)
    at org.apache.maven.cli.MavenCli.main (MavenCli.java:207)
    at jdk.internal.reflect.DirectMethodHandleAccessor.invoke (DirectMethodHandleAccessor.java:104)
    at java.lang.reflect.Method.invoke (Method.java:565)
    at org.codehaus.plexus.classworlds.launcher.Launcher.launchEnhanced (Launcher.java:255)
    at org.codehaus.plexus.classworlds.launcher.Launcher.launch (Launcher.java:201)
    at org.codehaus.plexus.classworlds.launcher.Launcher.mainWithExitCode (Launcher.java:361)
    at org.codehaus.plexus.classworlds.launcher.Launcher.main (Launcher.java:314)
Caused by: org.apache.maven.plugin.compiler.CompilationFailureException: Compilation failure
Picked up JAVA_TOOL_OPTIONS: -Dstdout.encoding=UTF-8 -Dstderr.encoding=UTF-8
WARNING: A terminally deprecated method in sun.misc.Unsafe has been called
WARNING: sun.misc.Unsafe:objectFieldOffset has been called by lombok.permit.Permit
WARNING: Please consider reporting this to the maintainers of class lombok.permit.Permit
WARNING: sun.misc.Unsafe:objectFieldOffset will be removed in a future release
C:\Users\AndyKwasiDebrah\IdeaProjects\SmartBloggingPlatform\src\test\java\com\smartblog\auth\OAuth2UserServiceImplTest.java:[42,36] error: cannot access UserJpaRepository
  class file for UserJpaRepository not found

    at org.apache.maven.plugin.compiler.AbstractCompilerMojo.execute (AbstractCompilerMojo.java:1309)
    at org.apache.maven.plugin.compiler.TestCompilerMojo.execute (TestCompilerMojo.java:208)
    at org.apache.maven.plugin.DefaultBuildPluginManager.executeMojo (DefaultBuildPluginManager.java:126)
    at org.apache.maven.lifecycle.internal.MojoExecutor.doExecute2 (MojoExecutor.java:328)
    at org.apache.maven.lifecycle.internal.MojoExecutor.doExecute (MojoExecutor.java:316)
    at org.apache.maven.lifecycle.internal.MojoExecutor.execute (MojoExecutor.java:212)
    at org.apache.maven.lifecycle.internal.MojoExecutor.execute (MojoExecutor.java:174)
    at org.apache.maven.lifecycle.internal.MojoExecutor.access$000 (MojoExecutor.java:75)
    at org.apache.maven.lifecycle.internal.MojoExecutor$1.run (MojoExecutor.java:162)
    at org.apache.maven.plugin.DefaultMojosExecutionStrategy.execute (DefaultMojosExecutionStrategy.java:39)
    at org.apache.maven.lifecycle.internal.MojoExecutor.execute (MojoExecutor.java:159)
    at org.apache.maven.lifecycle.internal.LifecycleModuleBuilder.buildProject (LifecycleModuleBuilder.java:105)
    at org.apache.maven.lifecycle.internal.LifecycleModuleBuilder.buildProject (LifecycleModuleBuilder.java:73)
    at org.apache.maven.lifecycle.internal.builder.singlethreaded.SingleThreadedBuilder.build (SingleThreadedBuilder.java:53)
    at org.apache.maven.lifecycle.internal.LifecycleStarter.execute (LifecycleStarter.java:118)
    at org.apache.maven.DefaultMaven.doExecute (DefaultMaven.java:261)
    at org.apache.maven.DefaultMaven.doExecute (DefaultMaven.java:173)
    at org.apache.maven.DefaultMaven.execute (DefaultMaven.java:101)
    at org.apache.maven.cli.MavenCli.execute (MavenCli.java:919)
    at org.apache.maven.cli.MavenCli.doMain (MavenCli.java:285)
    at org.apache.maven.cli.MavenCli.main (MavenCli.java:207)
    at jdk.internal.reflect.DirectMethodHandleAccessor.invoke (DirectMethodHandleAccessor.java:104)
    at java.lang.reflect.Method.invoke (Method.java:565)
    at org.codehaus.plexus.classworlds.launcher.Launcher.launchEnhanced (Launcher.java:255)
    at org.codehaus.plexus.classworlds.launcher.Launcher.launch (Launcher.java:201)
    at org.codehaus.plexus.classworlds.launcher.Launcher.mainWithExitCode (Launcher.java:361)
    at org.codehaus.plexus.classworlds.launcher.Launcher.main (Launcher.java:314)
[ERROR] 
[ERROR] 
[ERROR] For more information about the errors and possible solutions, please read the following articles:
[ERROR] [Help 1] http://cwiki.apache.org/confluence/display/MAVEN/MojoFailureException
[DEBUG] Shutting down adapter factory; available factories [file-lock, rwlock-local, semaphore-local, noop]; available name mappers [discriminating, file-gaecv, file-gav, file-hgaecv, file-hgav, file-static, gaecv, gav, static]
[DEBUG] Shutting down 'file-lock' factory
[DEBUG] Shutting down 'rwlock-local' factory
[DEBUG] Shutting down 'semaphore-local' factory
[DEBUG] Shutting down 'noop' factory
